domain,count
youtube.com,51357326
bit.ly,29985037
twitter.com,27442504
facebook.com,26765796
goo.gl,22548204
instagram.com,15901355
youtu.be,12654279
amzn.to,12161113
twitch.tv,5520111
soundcloud.com,3997308
patreon.com,3899918
plus.google.com,3563831
discord.gg,1881665
itunes.apple.com,1497118
pinterest.com,1474366
tinyurl.com,1399852
amazon.com,1246667
play.google.com,1197780
creativecommons.org,898587
paypal.me,841262
smarturl.it,805777
po.st,759743
steamcommunity.com,706137
teespring.com,668093
go.magik.ly,647867
on.fb.me,608236
incompetech.com,558463
geni.us,533159
streamlabs.com,520779
reddit.com,517217
open.spotify.com,507424
store.steampowered.com,491807
snapchat.com,464086
google.com,429736
apple.co,388454
rstyle.me,381484
paypal.com,371354
g2a.com,343498
fb.com,336436
epidemicsound.com,309905
spoti.fi,299294
etsy.com,297104
dailymotion.com,287809
linkedin.com,287452
full.sc,282507
fxempire.com,260345
vk.com,259468
audiomicro.com,241440
ldli.co,238047
roblox.com,237788
beatport.com,227115
shop.spreadshirt.com,221879
t.me,202731
mediafire.com,193537
flickr.com,189016
ow.ly,183102
foxs.pt,182148
vimeo.com,181101
tiny.cc,171434
en.wikipedia.org,166357
feiyr.com,165980
gaming.youtube.com,164465
j.mp,162755
testbook.com,161424
fkrt.it,153593
nexusmods.com,152894
youtube.streamlabs.com,151477
m.facebook.com,149369
shrsl.com,149154
gofundme.com,142839
on.msnbc.com,141483
bit.do,138972
t.co,137741
cnb.cx,135867
vine.co,135821
ncs.io,135633
bensound.com,134188
redbubble.com,131327
piff.me,128358
e.lga.to,126719
docs.google.com,126580
kit.com,122297
push.com.ph,121595
nbcnews.to,121264
drive.google.com,120658
discordapp.com,120466
popyachts.com,118097
ask.fm,117624
video.foxnews.com,114398
nnn.is,114094
unionforgamers.com,113871
nfl.com,113725
amazon.co.uk,108246
aparchive.com,106769
younow.com,103598
fb.me,102059
audionautix.com,100171
shopstyle.it,98925
ted.com,97847
bitly.com,97038
kontrolfreek.com,95376
adf.ly,93960
tidd.ly,93631
amazon.de,92115
www..com,91762
fox.tv,91492
rt.com,91199
in.pinterest.com,91135
tumblr.com,89716
entertainment.abs-cbn.com,88957
restream.io,88645
es.pn,88169
on.today.com,87650
abpnews.abplive.in,84924
bsta.rs,84909
gfuel.com,84857
f24.my,83253
a.co,82759
next9news.in,82419
m.youtube.com,81032
eepurl.com,80805
scufgaming.com,80423
samaa.tv,79594
beamng.com,78890
dailymail.co.uk,78782
tubebuddy.com,77206
lootcrate.com,77044
cbsn.ws,76757
ebates.com,75388
ddinews.gov.in,75160
goodreads.com,74945
nba.com,74634
etrailer.com,74088
bhpho.to,73866
ko-fi.com,73835
hindi.news18.com,73742
ndtv.com,73109
myspace.com,72622
amazon.in,72580
mobile.twitter.com,72350
gcn.eu,72321
twitch.streamlabs.com,72034
minds.com,70272
kalingatv.com,69227
store.playstation.com,69211
gumroad.com,67340
gplus.to,67196
wsj.com,66180
ign.com,65962
is.gd,65801
claytrader.com,65703
gleam.io,65125
design.daddygif.com,64941
eonli.ne,64904
ebay.com,64573
zee5.com,64508
trt.world,63613
weibo.com,63559
minecraftforum.net,63503
steemit.com,62935
op.gg,62835
tv9telugu.com,62775
freedom.tm,62513
mixcloud.com,62509
deviantart.com,62281
digtb.us,61662
vid.io,61460
imgur.com,61454
hyperurl.co,61107
twitchalerts.com,59956
github.com,59945
fave.co,59897
fanlink.to,59624
instagr.am,59128
btn.com,58932
udemy.com,57633
bitchute.com,57412
matchhistory.na.leagueoflegends.com,56824
chat.whatsapp.com,56810
c.mp.ucweb.com,56532
abplive.in,56485
c9.gg,56181
indiatvnews.com,55928
sonyliv.com,55581
win.gs,54347
humblebundle.com,53684
stockfootage.com,53547
mlb.mlb.com,53373
lcpdfr.com,53283
newsone.tv,53210
mtv.com.lb,52979
djtunes.com,52385
doubtnut.com,52335
djshop.de,52325
designbyhumans.com,52140
sellfy.com,51958
gamespot.com,51900
1aau.to,51708
unsplash.com,51647
pastebin.com,51647
osu.ppy.sh,51396
bravo.ly,51349
gta5-mods.com,51131
britishpathe.com,51105
news24online.com,50974
twinmusicom.org,50720
gmanews.tv,50601
hindi.news24online.com,50561
tunestotube.com,50526
teepublic.com,50165
machinimasound.com,50150
at.nick.com,49980
wgg.mobi,49930
autotrader.co.za,49097
motionarray.com,48986
buzzfeed.com,48955
ebay.to,48855
player.epidemicsound.com,47687
amara.org,47629
bbc.co.uk,47002
ruptly.tv,46923
dropbox.com,46685
itv.com,46575
ttpm.com,46134
socialclub.rockstargames.com,46040
ddnews.gov.in,45539
firehandcards.com,45361
awe.sm,45326
pro.beatport.com,45214
mixer.com,44938
gatewayclassiccars.com,44935
epidemicsound.com),44910
en.wiktionary.org,44826
shareasale.com,44670
discogs.com,44450
neonetwork.pk,44361
theaudiopedia.com,44071
web.facebook.com,43840
raresoulman.co.uk,43759
bookdepository.com,43615
qvc.co,43416
play.spotify.com,43228
smash.gg,42981
hybiz.tv,42246
periscope.tv,41887
btprt.dj,41665
stitcher.com,41572
france24.com,41469
gmbn.eu,41408
districtlines.com,41216
sigmabeauty.com,40934
amzn.com,40803
fashionchannel.it,40799
citizentv.co.ke,40451
itun.es,40380
i.imgur.com,39728
gamerfuzion.com,39220
uww.io,38536
zeenews.india.com,38463
ustream.tv,38437
trancentral.tv,38334
gtomegaracing.com,37615
pixiv.net,37573
aminoapps.com,37504
doubtnut.app.link,37490
astore.amazon.com,37007
ocremix.org,36920
espn.com,36890
next9news.com,36753
yogsca.st,36611
zameen.com,36608
channel24bd.tv,36588
sigma-beauty.7eer.net,36166
vpwow.com,36149
hotstar.com,36021
abs-cbn.com,35666
farming-simulator.com,35632
blogtalkradio.com,35604
thizzler.com,35586
apply.fullscreen.net,35582
imdb.com,35220
wp.me,35158
unacademy.com,34981
plays.tv,34692
pbs.org,34499
watchmojo.com,34462
myanimelist.net,34333
cdbaby.com,34321
geo.itunes.apple.com,34237
cash.me,33941
pcdeal.tv,33760
evancarmichael.com,33697
asianetnews.com,33674
aparchives.tumblr.com,33662
kbsworld.co.kr,33325
mbsy.co,33294
marinemax.com,33135
euw.op.gg,32978
cafepress.com,32882
vevo.ly,32755
zazzle.com,32591
reverbnation.com,32536
gab.ai,32458
tytnetwork.com,32425
londonreal.tv,32395
streamtip.com,32301
democracynow.org,32235
davidpakman.com,32173
vid.me,32099
chriszabriskie.com,31958
99l.tv,31930
fashionnova.com,31817
somoynews.tv,31712
zps.to,31698
indiatoday.intoday.in,31678
wiwibloggs.com,31555
greenmangaming.com,31356
imbc.com,31342
pinterest.co.uk,31283
gamejolt.com,31214
rover.ebay.com,31095
lnk.to,31010
bbc.in,31006
wiki.ezvid.com,30993
bhaarattoday.com,30830
msb.im,30753
na.op.gg,30729
thekingofhate.com,30693
standardmedia.co.ke,30486
ncbi.nlm.nih.gov,30414
std.co.ke,30398
di.sn,30325
cnbc.com,30320
aljazeera.com,30271
liveleak.com,30122
planetminecraft.com,30100
deezer.com,29967
newsy.com,29960
chrono.gg,29717
newsx.com,29701
y2u.be,29598
nutritionfacts.org,29580
arcadepunk.co.uk,29550
skyrim.nexusmods.com,29334
shop.spreadshirt.co.uk,29258
sprtsnt.ca,29185
hitbox.tv,29152
kickstarter.com,29111
gearbest.com,29103
commons.wikimedia.org,28985
cbc.ca,28971
sharemods.com,28950
seph.me,28829
discord.me,28779
famebit.com,28763
audibletrial.com,28691
cctvnews.tumblr.com,28654
youtube.shemaroo.com,28342
freesound.org,28105
sndrs.com,28038
nextnewsnetwork.com,27927
beatstars.com,27868
v.blnk.fr,27867
apinternationalfilms.com,27766
artstation.com,27701
ap.org,27692
daveeast.fanlink.to,27685
indiatoday.app.link,27635
purple-planet.com,27486
chillblast.com,27370
octoly.com,27226
tolo.tv,27183
go.twitch.tv,26911
monster.cat,26816
fiverr.com,26759
gtasnp.com,26749
machinerytrader.com,26686
zaful.com,26667
ipsy.com,26634
glidebros.com,26628
wionews.com,26612
amazon.ca,26479
share.cbn.com,26276
xbox.com,26142
africanews.com,26004
on.wsj.com,25975
inewslive.net,25673
lehren.com,25657
medium.com,25561
rumble.com,25545
subscribestar.com,25456
publictv.in,25414
go.nowth.is,25356
thomann.de,25333
t.maxpreps.com,25225
abpmajha.abplive.in,25173
theguardian.com,25161
wochit.com,25138
gum.co,25125
sabc.co.za,24972
themangonews.com,24922
ironsidecomputers.com,24915
britishpathe.tv,24849
audiojungle.net,24819
m.onelink.me,24645
v6news.tv,24644
interviewdot.com,24530
presstv.com,24453
banggood.com,24383
islamondemand.com,24181
tigerfitness.com,24096
help.tc,24070
kinolibrary.com,23837
kexp.org,23827
talkshowscentral.com,23783
pixabay.com,23725
aninews.in,23599
apnlive.com,23581
etsy.me,23535
truckpaper.com,23497
sites.google.com,23437
nytimes.com,23435
coinbase.com,23415
strava.com,23329
cdkeys.com,23286
emvn.co,23277
abo.io,23255
clevver.com,23242
tv5news.in,23228
represent.com,23186
24newshd.tv,23168
ibotta.com,23151
aliexpress.com,23041
untvweb.com,22971
saavn.com,22897
logo.to,22773
usagym.org,22752
moddb.com,22722
abnandhrajyothy.com,22693
bbcom.me,22679
zoomtv.tumblr.com,22576
zoomtv.com,22572
bd.linkedin.com,22571
abpsanjha.abplive.in,22564
hautelook.com,22539
urlzs.com,22505
mtdcnc.com,22473
eatreadlove.me,22473
parts-people.com,22437
minecraft.net,22398
instant-gaming.com,22350
player.me,22339
newgrounds.com,22275
viralbollywood.com,22256
bbstv.ug,22255
mlg.tv,22249
forums.terraria.org,22216
thehansindia.com,22193
behance.net,22158
hatfil.ms,22133
hmtvlive.com,22128
time.com,22114
wmur.com,22101
500px.com,22101
ptcnews.tv,22064
dotabuff.com,22039
freemusicarchive.org,21879
linkshrink.net,21858
mega.nz,21856
found.ee,21830
bestpianomethod.com,21758
stv.tv,21750
airbnb.com,21746
manoramanews.com,21642
jangbricks.com,21606
ali.pub,21580
nation.co.ke,21569
howcast.com,21558
elgato.com,21555
plus.kakao.com,21541
karaoke.stingray.com,21479
bbtv.go2cloud.org,21452
silverbirdtv.com,21370
afterbuzztv.com,21351
stores.ebay.com,21349
ravelry.com,21347
avenues.tv,21335
epaper.v6velugu.com,21334
myapp.wips.com,21306
audioboom.com,21212
poshmark.com,21103
erincondren.com,21073
cutestockfootage.com,21004
thanthitv.com,20986
spotboye.com,20960
nbc.com,20921
kairalitv.in,20852
cameo.com,20850
rcmmusic.com,20822
thaboxingvoice.com,20678
twit.tv,20669
cyclecruza.com,20666
automototube.net,20661
hindi.indiatvnews.com,20651
cohh.tv,20616
soccerreviewsforyou.com,20433
gamewisp.com,20359
transtv.co.id,20335
spreaker.com,20277
matchhistory.euw.leagueoflegends.com,20257
onivia.com,20238
society6.com,20150
lon.tv,20002
copyright.gov,19981
pkpla.net,19981
erosnow.com,19971
kbc.co.ke,19951
joshwoodward.com,19935
uk.pinterest.com,19843
share.epidemicsound.com,19810
compiled.social,19789
gurushakti.org.in,19746
scrapbook.com,19620
anchor.fm,19617
boardgamegeek.com,19578
sephora.com,19560
gtn.io,19509
rdiaz.org,19501
arirang.com,19495
wall.alphacoders.com,19434
aje.io,19420
wlky.com,19359
moshc.am,19259
tarlwarwick.net,19229
bernews.com,19200
wbaltv.com,19199
buff.ly,19166
eurone.ws,19071
apps.apple.com,19064
spr.ly,19010
gaana.com,18968
acparadise.com,18949
boishakhionline.com,18939
news1india.in,18930
shemaroome.com,18912
8bitb.ro,18910
binance.com,18904
clips.twitch.tv,18858
theartistunion.com,18829
ebay.co.uk,18816
telegraph.co.uk,18777
prakashastrologer.com,18741
hirutv.lk,18732
huffingtonpost.com,18692
truefire.com,18671
dctv.co,18664
brightside.me,18645
apinternationalfilms.in,18628
skl.sh,18584
datpiff.com,18526
gawkbox.com,18458
khanacademy.org,18404
bigbadtoystore.com,18350
wattpad.com,18340
play-asia.com,18337
microsoft.com,18179
oxygen.tv,18100
skillgaming.de,18043
mlb.com,18027
store.adda247.com,18023
crunchyroll.com,18018
carlgallups.com,17990
music.apple.com,17961
fntsy.com,17934
bloglovin.com,17907
thomhartmann.com,17877
linktr.ee,17874
v6velugu.com,17843
soundclick.com,17815
cgtn.com,17784
ocw.mit.edu,17770
yellowpages.com,17757
soccernostalgia.blogspot.com,17742
fas.st,17731
kantipurtv.com,17725
angeldigital.co.in,17706
foxnewsgo.com,17678
support.google.com,17662
originpc.com,17652
formspring.me,17652
koat.com,17549
galatta.com,17529
totalwar.com,17499
millsauto.com,17473
hp.com,17463
apps.facebook.com,17440
projectlifemastery.com,17439
instantgo.com,17361
go.tagjag.com,17246
on.mash.to,17242
beadaholique.com,17235
apinternationalfilms.blogspot.com,17161
pathofexile.com,17125
telegram.me,17120
bollywoodhungama.com,17075
vm.tiktok.com,17016
masteringthezodiac.com,16966
cstoysjapan.com,16957
ppci.me,16951
tyt.com,16818
ea.com,16775
booking.com,16774
cnet.co,16769
chess24.com,16762
depop.com,16759
euronews.com,16710
warriortrading.com,16701
teknoaxe.com,16683
strawpoll.me,16677
motube.us,16648
brailleskateboarding.com,16613
hustlerskungfulifeskills.com,16568
geo.tv,16558
appsto.re,16496
mrlocario.com,16467
wikigameguides.com,16338
dailybooth.com,16330
cantiques.karaokes.free.fr,16319
thekaraokechannel.com,16318
budoland.com,16309
nblast.de,16289
itunes.com,16276
scribd.com,16259
clipahoy.com,16225
hive.co,16206
livevisionz.com,16199
hlntv.com,16197
8wayrun.com,16160
wildfilmsindia.com,16145
store.epicgames.com,16127
monstercat.com,16082
bollywoodkibaten.blogspot.in,16058
sanskargroup.in,16052
zappos.com,15980
m.soundcloud.com,15973
paradoxplaza.com,15954
firstindianews.com,15934
subscriptionboxmom.com,15869
hi-in.facebook.com,15821
gog.com,15816
behindwoods.com,15725
gg.gg,15722
chessworld.net,15700
s.click.aliexpress.com,15690
pastemagazine.com,15666
tgn.tv,15613
ford.to,15573
jaimaharashtranews.tv,15562
vgfaq.com,15547
abcnews.go.com,15503
nsdx.uk,15502
hungama.com,15499
apple.com,15493
ctt.ec,15466
gamecapture.com,15443
kmbc.com,15423
itsh.bo,15385
coolstuffinc.com,15355
nas.cr,15327
supercell.com,15272
tacklewarehouse.com,15263
channel4.com,15249
gbe.st,15220
mediaboxent.com,15215
toneden.io,15197
nbctv.tumblr.com,15165
fav.me,15158
nbcsports.com,15157
rsg.ms,15157
yoyoiptv.com,15148
traktrain.com,15147
psnprofiles.com,15133
loots.com,15127
slideshare.net,15112
kelleyrosano.com,15092
grm.my,15079
dota2.com,15070
dreallday.com,15050
mrsuicidesheep.com,15037
sonotekcassette.com,15033
creativemediagroup.com,15032
gtainside.com,15030
abc.net.au,15018
amzn.eu,15007
juno.co.uk,14931
uploadfiles.eu,14880
adorama.com,14836
esnewsreporting.com,14801
kollegekidd.com,14801
catersnews.com,14782
cut.com,14780
mtglion.com,14772
ruggedreserves.com,14757
alpha.wallhaven.cc,14734
aukcja.kipa.be,14673
worldofdance.com,14667
ccmixter.org,14658
wapt.com,14658
gamebanana.com,14652
forum.scssoft.com,14628
boishakhi.media,14586
bethesda.net,14579
go.att.com,14570
deejay.de,14557
mattgranger.com,14546
streetsideclassics.com,14544
rebrand.ly,14542
imojo.in,14537
voanews.com,14528
dicetower.com,14519
londonreal.link,14447
trapcity.tv,14432
modhoster.com,14421
news18.com,14387
nes-snes-sprites.com,14377
netflix.com,14362
bubble-witch-saga.se,14348
smarturl.id,14292
2pgame.com,14263
nflshop.com,14259
nflnonline.nfl.com,14246
filmibeat.com,14243
nintendo.com,14226
valleycentral.com,14192
aetv.us,14171
payhip.com,14162
nbagleague.com,14135
incompetech.com),14086
nicovideo.jp,14069
indianexpress.com,14051
amctheatres.com,14045
statsroyale.com,14021
pcpartpicker.com,13999
thenewsexposed.com,13976
tarangtv.in,13955
fiba.com,13948
paulbegleyprophecy.com,13897
optionalpha.com,13891
blip.tv,13886
primrosekitten.com,13875
shemaroome.app.link,13858
fbit.co,13833
fbl.me,13795
j.gs,13794
createspace.com,13757
redcarpetreporttv.com,13755
rajasthanpatrika.patrika.com,13752
gogetfunding.com,13720
wwenetwork.com,13618
epicgames.com,13596
khabar.ndtv.com,13591
stylistheather.com,13547
go.volleyball.world,13538
10tv.in,13532
bhphotovideo.com,13519
bbc.com,13501
sofarsounds.com,13467
junodownload.com,13451
pexels.com,13436
oprah.com,13385
bollywoodkibaten.com,13380
zipansion.com,13375
mcprohosting.com,13325
link.epidemicsound.com,13317
getthetea.com,13301
karafun.com,13300
therebel.media,13282
wwe.com,13252
lokmat.news18.com,13242
businessinsider.com,13229
swarnavahini.lk,13210
clipadvise.com,13204
videohive.net,13204
makeupgeek.com,13163
nfxshotnetwork.com,13139
theclassicarchives.com,13139
kcci.com,13136
nettv4u.com,13069
m.me,13057
shop.bbtv.com,13049
maximotv.com,13037
nhl.com,12994
prowrestlingtees.com,12992
store.nba.com,12966
nba.tumblr.com,12956
memphisdrumshop.com,12937
bigrigtravels.com,12908
ravenprodesign.com,12873
gematsu.com,12868
salln.net,12867
spinninrecords.com,12860
atnnews.tumblr.com,12841
pinterest.ca,12836
teamcoco.com,12833
patrickarundell.com,12833
zerohedge.com,12829
warthunder.com,12826
greenfieldpuppies.com,12822
thedo.do,12816
nitra.do,12812
majority.fm,12810
yoyodaily.com,12788
cna.asia,12788
fightnetwork.com,12785
theotrade.com,12784
fixtstore.com,12781
prudentmedia.in,12775
gerardcosmetics.com,12762
movietalkies.com,12747
giphy.com,12732
archive.org,12714
tradegeniusacademy.com,12712
iskcondesiretree.com,12686
ck1t.ru,12661
streamelements.com,12621
ledgerwallet.com,12606
morphebrushes.com,12596
acepilot2k7.com,12591
7obu.com,12590
bluetablepainting.blogspot.com,12581
theverge.com,12579
gabruu.com,12579
gamezplay.org,12574
expressoshow.com,12560
cashforap.ps,12539
mtgtraining.com,12533
mmafighting.com,12530
collider.com,12526
flipboard.com,12524
sports.abs-cbn.com,12494
audible.com,12490
join.quizgroup.com,12489
twitch.com,12486
bonfire.com,12472
gmaregionaltv.com,12448
sovndwave.com,12440
mnot.es,12415
d.tube,12407
kinguin.net,12401
cinemablend.com,12380
link.bluedrake42.com,12352
fig-gymnastics.com,12329
gymnasticsdvd.de,12328
boxycharm.com,12326
freeemulator.com,12323
wgal.com,12294
ntv.co.ug,12256
channelstore.roku.com,12254
newwaves.com,12246
jonsine.fanlink.to,12240
seculartalkradio.com,12224
last.fm,12203
gamefanshop.com,12171
hobotraveler.com,12150
usa.gtomegaracing.com,12148
apnews.com,12146
drberg.com,12120
cleanharleys.com,12120
r.mker.tv,12102
ulta.com,12081
tout.com,12040
speedgaming.org,12023
lynda.com,12022
cardsinfinity.com,11989
ncs.lnk.to,11979
nedricknews.com,11977
nptel.iitm.ac.in,11965
corsair.com,11957
udacity.com,11950
video.foxbusiness.com,11946
onelink.to,11938
uspstudios.co,11916
stumbleupon.com,11901
feeds.feedburner.com,11840
thetelugufilmnagar.com,11804
hp.care,11799
theacc.com,11798
grove.co,11790
chartguys.com,11786
mlssoccer.com,11783
aryqtv.tv,11780
realmenrealstyle.com,11772
hellojuniper.com,11768
johnmellor.org,11750
adafru.it,11723
indiaglitz.com,11696
heroesofthestorm.com,11685
ffm.to,11634
euroleague.net,11619
givetad.com,11585
theamazingseller.com,11558
therealnews.com,11540
clashtournaments.com,11525
dukascopy.com,11498
tunein.com,11485
durianrider.com,11477
us.battle.net,11466
nbadleague.com,11450
ozee.com,11435
thevinnyeastwoodshow.com,11434
zack.watch,11429
dlive.tv,11406
web.roblox.com,11394
potomacbeads.com,11390
pebbles.in,11389
criticalbench.com,11376
bornprettystore.com,11369
magiclinks.org,11367
city41.tv,11351
milb.com,11346
x17online.com,11345
bigmagic.tv,11319
modhub.us,11319
tutorialspoint.com,11314
iherb.com,11308
washingtonpost.com,11306
tanny-raw.myshopify.com,11305
eventbrite.com,11281
artofdota2.com,11246
wynk.in,11235
whatculture.com,11202
anrdoezrs.net,11197
hooksounds.com,11160
link.clashroyale.com,11141
nesn.com,11089
hermitcraft.com,11067
purevpn.kloakatv.com,11061
history.com,11060
eventvods.com,11056
uber.com,11043
fighthubtv.com,11024
j35.us,11023
bloomberg.com,11019
store.yogscast.com,11019
hardreset.info,11013
traxsource.com,11004
shop.wwe.com,11002
hsn.com,11001
digitaltrends.com,10994
yesnet.me,10981
longplays.org,10978
faceculture.com,10974
survivalonpurpose.com,10968
lionelmedia.com,10959
venmo.com,10906
enca.com,10900
playstation.com,10874
927bigfm.com,10868
ft.com,10859
brave.com,10855
atpworldtour.com,10852
thmatc.co,10840
executiveinterviews.biz,10838
electronicgamersleague.com,10822
tfpc.in,10814
dariodaversa.com,10807
92newshd.tv,10789
fishchick.com.au,10788
jaimaharashtranews.com,10782
stingray.com,10745
gopro.com,10717
jaminthevan.com,10707
yourastrologysigns.com,10701
blogtv.com,10701
yogscast.com,10701
prntscr.com,10698
mylifetime.com,10695
galmhd.tumblr.com,10685
justkiddingfilms.bigcartel.com,10668
andro4fun.blogspot.ie,10661
radaan.tv,10654
residentadvisor.net,10648
dainiksaveratimes.com,10641
yourquote.in,10638
2ggaming.com,10629
robertsspaceindustries.com,10627
gyazo.com,10621
v.douyin.com,10600
on.rt.com,10596
socialblade.com,10592
newsworldodisha.com,10590
wcvb.com,10554
thequint.com,10553
hirunews.lk,10549
fbuy.me,10546
smo.sh,10533
hollywoodlife.com,10527
bulldogmindset.com,10497
store.dftba.com,10494
newvegas.nexusmods.com,10482
salbiadora.com,10464
hindi.thequint.com,10450
cnn.com,10449
target.com,10444
bluetablepainting.com,10441
churchmilitant.com,10437
jesus-comes.com,10428
thechartguys.com,10425
thrustmaster.com,10403
wlwt.com,10401
fao.org,10386
preparewithgary.com,10380
looted.by,10378
astro.family,10378
whiteninglightning.com,10363
video.ntvbd.com,10353
sportsbookreview.com,10345
8wayrun.tv,10340
sh.st,10338
youpartnerwsp.com,10336
mlpl.link,10335
sendspace.com,10329
sidemenclothing.com,10329
ellenhutson.com,10323
m.tiktok.com,10321
stardust.app.link,10313
airsoftgi.com,10300
people.com,10299
outfit7.com,10292
frdr.us,10292
thesimsresource.com,10287
thesun.co.uk,10276
sportsnet.ca,10265
freeform.go.com,10258
g.co,10257
nj1015.com,10251
m-wav.com,10250
zzangkaraoke.com,10250
minecraft.curseforge.com,10237
freesfx.co.uk,10236
championshipproductions.com,10217
1spotmedia.com,10213
indiegogo.com,10212
televisionjamaica.com,10208
roosterteeth.com,10194
featu.re,10183
razerzone.com,10181
beanymansports.com,10181
gammagamers.com,10177
bric.me,10173
foursquare.com,10172
newsnation.in,10153
clicktotweet.com,10153
click.dji.com,10142
gtaworldyt.tumblr.com,10103
tee.pub,10101
sribalajivideo.com,10092
cubedhost.com,10089
forms.gle,10083
stephengeorg.com,10082
jkmedia.net,10082
weareworship.com,10069
c418.bandcamp.com,10043
greetname.com,10033
thingiverse.com,10017
fandangonow.com,10001
autowini.com,9994
influenster.com,9993
ansgear.com,9988
worlddancesport.org,9985
micksgarage.com,9980
premiumbeat.com,9979
casaa.org,9970
spinrilla.com,9963
gameanyone.com,9937
si.com,9931
workonyourgameu.com,9925
guildwars2.go2cloud.org,9924
fox.co,9910
perezpodcast.com,9908
binus.tv,9908
jerrybanfield.com,9906
genius.com,9900
bungie.net,9895
link.singking.com,9893
facetv.ba,9880
hum.tv,9858
emtv.com.pg,9842
angrybirdsnest.com,9810
uk.gamesplanet.com,9784
wyff4.com,9773
drpaulose.com,9765
splashnews.com,9762
forum.xda-developers.com,9755
fmscout.com,9752
cigarobsession.com,9745
notesforallclasses.com,9697
tingles.app.link,9694
honest.com,9679
shoptyt.com,9675
shop.spreadshirt.ca,9674
jukinmedia.com,9669
etnownews.com,9660
justgiving.com,9647
entertainmentearth.com,9641
ekattor.tv,9634
techcurrent.in,9631
feed-the-beast.com,9622
powwowtimes.com,9619
thd.co,9618
intotheam.com,9593
store.cdbaby.com,9586
psce.pw,9571
classic.beatport.com,9529
tasvideos.org,9510
forbes.com,9508
bhojpuriwave.com,9486
teamiblends.com,9475
thegatewaypundit.com,9475
br.op.gg,9462
adafruit.com,9454
dailycaller.com,9452
dft.ba,9446
breitbart.com,9438
mobcrush.com,9434
xenoversemods.com,9424
technostation.tv,9397
rajshri.com,9383
xsplit.com,9356
i.refs.cc,9350
gamexplain.com,9335
lulu.com,9335
amzn.in,9325
redcarpetnewstv.com,9315
bluegrasslyrics.com,9309
day9.tv,9308
starcinema.abs-cbn.com,9306
danosongs.com,9305
taste.md,9301
igg.me,9285
elevatormag.com,9281
squarespace.com,9279
videosenglish.telesurtv.net,9271
nicepostureclothing.com,9270
distrokid.com,9268
business.facebook.com,9262
donationalerts.ru,9261
foodforliberty.com,9261
walmart.com,9259
bluemic.com,9258
techzamazing.com,9236
beam.pro,9233
news.sky.com,9228
secure.twitch.tv,9226
hockeyfights.com,9221
perezhilton.com,9220
colourpop.com,9210
fifaultimateteamcoins.com,9209
tv5kannada.com,9189
rte.ie,9189
teamliquid.net,9184
i24news.tv,9176
jointhemajorityreport.com,9169
blackhollywoodlive.com,9165
revzilla.com,9162
majorityapp.com,9160
challonge.com,9152
fashionone.com,9138
cryptobinarylivingway.com,9138
bolnews.com,9134
epichappybirthdaysongs.com,9128
dangheesling.tv,9127
tipeeestream.com,9111
golden-dawn.com,9103
ericthecarguy.com,9102
muscle.am,9095
tryonlinetherapy.com,9089
lyft.com,9086
cbn.com,9057
sunnxt.com,9054
mailchi.mp,9047
upload.wikimedia.org,9043
polygon.com,9033
nasa.gov,9033
prple.in,9031
coub.com,9020
embn.me,9012
grmdaily.com,9001
rimworldgame.com,8981
bstk.me,8977
highlightsnepal.com,8975
ofracosmetics.com,8963
kamcord.com,8962
rohi.tv,8959
theneedledrop.com,8953
bellamihair.com,8941
obsev.com,8913
ntvbd.com,8907
fdrurl.com,8907
stocktwits.com,8861
panahon.tv,8856
bharatswabhimantrust.org,8855
tv.naver.com,8846
abbtakk.tv,8841
potomacbeads.eu,8839
followgram.me,8828
smashwords.com,8828
jegs.com,8823
fs-uk.com,8812
influencer-tracking.grove.co,8797
ns7.tv,8782
businesswire.com,8779
redgamingtech.com,8774
air.bi,8759
channelpages.com,8753
cdc.gov,8752
vanityplanet.com,8749
theredmentv.com,8747
christellemartinette.com,8736
mysheetmusictranscriptions.com,8733
obsproject.com,8727
eurogamer.net,8719
radi.al,8706
iheart.com,8703
mmajunkie.com,8700
stream.me,8673
malwatv.com,8663
malwatv.blogspot.in,8663
barnesandnoble.com,8641
tradersfly.com,8628
s.sho.com,8625
dadsgamingaddiction.com,8609
bistudio.com,8608
accessonline.com,8599
primefeed.in,8590
replayswows.com,8579
mypage.thesims3.com,8576
u.tv,8562
jeffnetwork.com,8552
youtubestock.com,8550
us.blizzard.com,8549
fashiontv.com,8543
oxhorn.it,8532
twowheelobsession.com,8523
phonearena.com,8522
ets2.lt,8517
thecreaturehub.com,8513
cnbctv18.com,8513
fullscreenmedia.co,8509
airbit.com,8507
drphil.com,8501
bigfishgames.com,8497
soundbible.com,8486
daytrotter.com,8472
thervreport.com,8467
wegotthiscovered.com,8466
trtworld.com,8463
laytonsportscards.com,8462
majesticaquariums.com.au,8461
backloggery.com,8442
showdown.gg,8442
pocketnow.com,8435
insder.co,8433
ewinracing.com,8430
gregoryscott.com,8420
theblaze.com,8412
foxnews.com,8402
sweetwater.com,8400
ms.spr.ly,8399
chrissmoove.com,8385
gateacademy.co.in,8383
city42.tv,8374
to.pbs.org,8372
about.me,8368
bwfbadminton.org,8352
etv.co.za,8338
shop.maker.tv,8322
stephenshop.spreadshirt.com,8320
enhanced.lnk.to,8314
adobe.ly,8314
ban.ggood.vip,8313
mdkofficial.bandcamp.com,8306
keek.com,8303
walden-wolfgang.de,8294
successinsider.tv,8289
gqm.ag,8277
grimehq.com,8237
cellucor.com,8228
tmearn.com,8222
weav.me,8221
chatsports.com,8216
squareup.com,8207
galco.com,8204
tourneylocator.com,8200
professormesser.com,8194
synthesiagame.com,8184
dw.com,8184
epictv.com,8183
pgatourlive.com,8179
globalwrestlingnetwork.com,8171
qprng.rs,8154
everyplay.com,8153
acorns.com,8149
informoverload.com,8147
cardsmithsbreaks.com,8147
phonedog.com,8146
rottentomatoes.com,8143
thewafflegalaxy.com,8125
cnet.com,8121
topmixtapes.com,8109
hdsoundi.com,8098
sptfy.com,8087
mes.fm,8083
swagbucks.com,8081
warframe.com,8080
professormesser.link,8073
cauverynews.tv,8072
ilectureonline.com,8069
decks.de,8065
adobe.com,8063
bravotv.com,8055
animalsman8888.blogspot.com,8055
extrememuddingtour.com,8052
ptv.ph,8048
gtaforums.com,8043
stephengeorg.wikia.com,8042
vladtv.com,8034
unibank.am,8033
alchemyinyou.com,8030
hancinema.net,8029
zara.com,8020
virtualshield.com,8018
ndbc.noaa.gov,8016
mewe.com,8015
ktnnews.tv,8013
pgatour.com,7993
emmytvlegends.org,7983
blackhole.choons.at,7982
podcasts.apple.com,7980
pgatoursuperstore.com,7977
mtv.com,7971
appsandanswers.blogspot.com,7962
aol.com,7961
fanjoy.co,7956
pgat.us,7955
cartn.co,7954
starz.tv,7943
fanfiction.net,7941
justin.tv,7939
ysis.me,7936
familyfriendlygaming.com,7930
powerrangers.com,7914
factorio.com,7909
in.linkedin.com,7907
pond5.com,7906
technicpack.net,7904
abc7.la,7904
shutterstock.com,7903
creativemornings.com,7875
lingerielowdown.com,7868
lolesports.com,7864
xisuma.co,7856
jeromeasf.com,7847
livemixtapes.com,7845
crowdmade.com,7843
store.hp.com,7831
audiotree.tv,7831
whatreallyhappened.com,7831
atlantic.lnk.to,7815
app.acuityscheduling.com,7810
hypeddit.com,7805
huda.tv,7803
paralympic.org,7800
rcti.tv,7800
whatchannelfreeform.com,7799
gb9vn.app.goo.gl,7795
mlb.tv,7791
munsif.tv,7791
swarife.com,7789
wolton.net,7786
survivalgear.us,7779
givi.ng,7769
bhm.fanlink.to,7756
pixly.go2cloud.org,7755
doomworld.com,7754
click.linksynergy.com,7750
scantraxx.com,7748
timetoplaymag.com,7744
afl.com.au,7738
audiomack.com,7735
everide.org,7734
games-series.com,7726
thescene.com,7718
gamefront.com,7717
real.video,7716
cinchgaming.com,7715
enwild.com,7707
api.shopstyle.com,7705
ilmkidunya.com,7701
jtmch.co,7694
my.powertv.net,7682
djkit.com,7668
kotaku.com,7667
isha.sadhguru.org,7662
tommyboy.lnk.to,7659
vanimedia.org,7659
freeform.tumblr.com,7657
zacheven-esh.com,7657
mtggoldfish.com,7637
radiocity.in,7630
voltigierdvd.de,7621
astrogaming.com,7620
nationalvoice.in,7616
schmoesknow.com,7612
flyt.it,7601
t.qq.com,7601
vernissage.tv,7592
thebollywoodbai.tumblr.com,7588
spoilertv.com,7585
lbp.me,7584
ifreshd.com,7573
morgandavidking.com,7573
xda-developers.com,7569
ichillmusic.com,7568
rdrs.co,7567
wheelstandpro.com,7561
1.envato.market,7542
owners.nissanusa.com,7535
musicnotes.com,7523
madamglam.com,7519
signup.leagueoflegends.com,7518
dota2pro.tv,7515
curse.com,7506
7daystodie.com,7506
bookcameo.com,7505
aajtak.intoday.in,7497
fih.ch,7485
awmi.net,7479
chessclub.com,7477
aajtak.app.link,7475
tampaharley.com,7470
dafont.com,7467
weather.com,7463
zeehindustan.tv,7449
arcadego.com,7428
twcenter.net,7418
gg-l.xyz,7415
dnbportal.com,7410
iqlikmovies.com,7408
bankersadda.com,7402
krishgenius.com,7389
regmovi.es,7380
kck.st,7372
ckk.ai,7363
smythstoys.com,7352
reuters.com,7350
srkcycles.com,7350
bnc.lt,7341
violinshack.com,7331
nyti.ms,7331
airmaria.com,7329
jerry.tips,7327
thecontentbible.com,7327
indianausedcarsales.com,7326
inurls.co,7325
chng.it,7317
vinesauce.com,7311
nocopyrightsounds.co.uk,7301
bigfi.sh,7300
getfpv.com,7297
openmicuk.co.uk,7296
audioblocks.com,7295
raikenprofit.com,7292
videovolunteers.org,7288
cutt.ly,7286
overclockers.co.uk,7285
the-house.com,7282
share.robinhood.com,7279
usatoday.com,7272
pebblestv.com,7268
reverb.com,7267
battlelog.battlefield.com,7263
rbigame.com,7261
sermonindex.net,7260
get-asp.com,7257
mlbshop.com,7248
3news.com,7248
jdoqocy.com,7234
jamieol.com,7223
shomusbiology.com,7215
1drv.ms,7207
rodeoarcade.com,7197
israelunite.org,7192
psyshop.com,7191
imraising.tv,7185
wrestlecrate.com,7178
games.yogscast.com,7171
tv3network.com,7167
thecomputerroomnottingham.co.uk,7164
techieraj.com,7158
tua.one,7155
dftba.com,7148
chefdepot.com,7146
lddy.no,7144
voobly.com,7139
got.cr,7131
pianonest.com,7125
dittotv.com,7123
appliancepartspros.com,7115
stephenge.org,7111
twd.bz,7108
tshirthelpdesk.com,7101
roku.com,7089
wwe.yt,7083
luckypennyshop.com,7066
tobuscus.spreadshirt.com,7061
fandango.com,7060
myflashstore.net,7060
phon.pe,7049
swtor.com,7046
dailylivechurch.com,7040
podbean.com,7038
steelseries.7eer.net,7036
drdino.com,7022
pulse.ng,7014
download.cnet.com,7013
geekanoids.co.uk,7011
simplyscuba.com,7006
thewatchbox.com,6999
tsu.co,6996
andersonkenya1.net,6989
quill18.spreadshirt.com,6986
ralphsmart.com,6981
jayoe.com,6980
en-gb.facebook.com,6978
unitednripost.com,6962
ew.com,6958
fei.org,6956
moneycontrol.com,6955
mashable.com,6953
voidswrath.com,6950
rhatcert.com,6943
floppycats.com,6943
change.org,6939
ok.ru,6938
rdbl.co,6928
pixel-dan.com,6926
yhoo.it,6925
gym.sh,6919
karaoke-version.com,6911
blrrm.tv,6911
wxii12.com,6910
mushairamedia.blogspot.in,6907
spurs.to,6906
nbcsnl.tumblr.com,6903
earthquake.usgs.gov,6900
annodominination.com,6897
atheist-experience.com,6893
mkohlgames.com,6885
toptelugutv.com,6885
gtvnetwork.tv,6883
law.cornell.edu,6875
mattmcfarland.com,6867
letterboxd.com,6860
mhgny.lnk.to,6857
runescape.com,6849
quora.com,6849
livingonadime.com,6845
glossier.com,6844
easymusic.altervista.org,6840
examsolutions.net,6836
officialjohnhowell.com,6834
sonotekvideo.tumblr.com,6833
devinemiracles.com,6831
noscopeglasses.com,6825
newegg.com,6815
q.gs,6810
1upbox.co,6809
arydigital.tv,6809
kare11.com,6805
jcmdi.com,6805
lol.esportspedia.com,6804
popsugar.com,6797
lego.com,6797
cowspiracy.com,6791
ekeeda.com,6790
himalayatv.com,6784
meetmagazine.blogspot.com,6781
ab.co,6753
ora.tv,6753
thestreet.com,6752
jamendo.com,6746
myfitnesspal.com,6745
mindthenews.in,6739
mindthenews.com,6739
nptel.ac.in,6738
paulstravelpictures.com,6730
minecraftmaps.com,6728
sho.com,6719
imdb.me,6718
aetv.com,6714
abc.go.com,6709
lockergnome.com,6704
jerrysguitarbar.com,6695
iansvideo.com,6682
jaretgrossman.com,6682
gmanetwork.com,6673
euroleague.tv,6672
zulily.com,6671
guudelp.com,6670
beta.cursevoice.com,6660
serialbuddies.com,6658
indiavideo.org,6658
fonearena.com,6656
cctvplus.com,6655
starmusic.abs-cbn.com,6655
adultswim.com,6653
ikea.com,6652
ringsidecollectibles.com,6651
loopmasters.com,6647
riff.tv,6642
ayinmaiden.com,6640
therapstash.com,6634
annaed.uk,6632
xfin.tv,6630
furaffinity.net,6625
fb.gg,6610
mmohuts.com,6608
thelisttv.com,6598
go.onelink.me,6597
emdc.yt,6597
sportzcases.com,6593
weforum.org,6590
shoutfactory.com,6589
adviseshow.com,6583
thredup.com,6582
firehandcards.miiduu.com,6582
bloggingheads.tv,6579
drumcenternh.com,6576
dashboard.bentpixels.com,6575
allstars-dance.com,6573
hardcore-worldwide.com,6572
princesspolly.com,6571
miiverse.nintendo.net,6569
nypost.com,6568
top10hotel.info,6559
marthastewart.com,6553
mikelat.com,6552
eaglemediaworks.blogspot.in,6549
selz.co,6537
justfab.com,6536
rapgrid.com,6536
ts.la,6531
bricklink.com,6526
newfiebangaa.weebly.com,6522
bluestacks.com,6521
nydailynews.tumblr.com,6502
live.cdemo.com,6500
destyy.com,6495
abc10.com,6484
buymeacoffee.com,6479
sntv.com,6475
mmobomb.com,6474
archive.is,6473
fatquartershop.com,6466
muscularstrength.com,6462
trofire.com,6459
nextstep.is,6455
appliancevideo.com,6448
eagleandhra.com,6447
abc7ny.com,6443
snip.ftpromo.net,6442
theyoungturks.spreadshirt.com,6439
amandapiel.com,6436
rg.fr,6430
realtruck.com,6429
puu.sh,6427
hiphopbling.com,6418
autode.sk,6417
wtatennis.com,6414
click.dj,6411
tr.im,6411
dw.de,6410
artlist.io,6407
fhm.lnk.to,6406
mega64.com,6399
ehow.com,6393
np.linkedin.com,6384
teacherspayteachers.com,6382
djsmallz.com,6378
fanatical.com,6368
freemmostation.com,6365
imaginecontrollers.com,6363
livestream.com,6362
balg.co,6360
testofbelievers.com,6360
igcent.com,6358
dpad.fm,6353
witrigs.com,6353
nta.ng,6342
ssohpkc.com,6329
flic.kr,6328
etcanada.com,6316
nodq.com,6316
twiter.com,6306
templatemonster.com,6303
primeasiatv.com,6294
romereports.com,6291
rosegal.com,6282
bet.com,6280
liveraise.com,6279
mods.bethesda.net,6279
bafta.org,6279
spreadshirt.com,6275
boots.com,6264
wordoftruthbaptist.org,6258
ncbookz.com,6257
brothercarlos.com,6256
syzs.qq.com,6252
heyuguys.com,6250
t.st,6250
serebii.net,6245
tobuscus.spreadshirt.net,6242
androidauthority.com,6239
brickset.com,6236
indiatoday.in,6234
siriusxm.com,6233
hardstyle.com,6230
lisae.me.uk,6227
birchbox.com,6222
coffee-artist.com,6219
arteza.com,6219
emoaf.org,6212
ludia.gg,6207
proleter.bandcamp.com,6205
massivejoes.com,6195
socialnews.xyz,6194
digitaltourbus.com,6189
countrymu.sc,6189
mcpedl.com,6189
keystonepuppies.com,6184
vicfirth.com,6184
gogungho.com,6184
privateproperty.co.za,6181
shop.spreadshirt.net,6176
amiclubwear.com,6167
hum3d.com,6158
melodynepal.com,6157
minglemediatv.com,6154
smile.amazon.com,6151
dailym.ai,6147
iswearenglish.com,6145
freett.com,6139
chasing-maria-menounos.oxygen.com,6130
producejustice.com,6129
mymixtapez.com,6127
yt.vu,6121
fastcardtech.com,6116
p-y.tm,6115
realistnews.net,6111
kare11.tv,6108
thehill.com,6107
ensnare8bit.blogspot.co.uk,6104
maccosmetics.com,6100
demonmusicgroup.co.uk,6089
tcustomz.com,6088
bjp.org,6083
gradeup.co,6075
hidewithgary.com,6064
4-8productions.com,6064
sub.zackscott.games,6063
nepalirajatpat.com,6054
hodowla-kulbacki.magix.net,6053
gmlft.co,6044
caurl.co,6043
andersonkenya1shop.com,6033
purpleftw.com,6024
nerdarchy.com,6019
psaworldtour.com,6018
mundanematt.com,6016
jordanbpeterson.com,6014
rcuniverse.com,6013
gymshark.com,6007
faithfulwordbaptist.org,5994
bookcircleonline.com,5991
fbereact.com,5990
sbird.co,5986
aklectures.com,5981
teamcoco.tumblr.com,5980
ptcnews.in,5980
jakemace.com,5979
bzfd.it,5979
riptapparel.com,5978
rockstargames.com,5964
kuzukago.exblog.jp,5962
gcntech.co,5962
zeetamizh.com,5948
revsam.org,5945
snupps.com,5942
hollywood.com,5939
loudwire.com,5938
tvdays.com,5938
hiphopisreal.com,5928
kissfmuk.com,5924
kulbacki.de,5917
amazon.fr,5913
yesstyle.com,5912
explore.org,5898
voidcollection.com,5895
nyoooz.com,5894
za.gl,5887
hbo.com,5882
opseat.com,5879
zingeraviation.com,5879
ludeon.com,5878
urartstudio.com,5878
undergroundworldnews.com,5875
wj.la,5875
itsmyurls.com,5873
sunstar.com.ph,5870
tripledagod.blogspot.com,5852
worldmagicshop.com,5848
euroleaguestore.net,5839
newsdirect.nma.com.tw,5838
sundayadelajablog.com,5833
wach.com,5831
angeltv.org,5828
hulu.com,5827
originalroyalty.com,5823
gymra.com,5817
johnchow.com,5817
sportmartialarts.com,5816
ipetitions.com,5815
talkhaus.raocow.com,5810
independent.co.uk,5805
dota2.gamepedia.com,5805
gamersupps.gg,5804
escapistmagazine.com,5803
news.kron4.com,5803
cjponyparts.com,5801
sb17.co,5799
vat19.com,5795
blog.erosnow.com,5790
itjungles.com,5788
x-gamer.co.uk,5784
moshcam.com,5779
basketballcl.com,5775
hollywire.com,5773
kindlykeyin.com,5771
odisha.live,5769
forever21.com,5759
logicservers.co.uk,5757
garyvaynerchuk.com,5752
lexusofedmonton.ca,5752
console.machinima.com,5751
hubs.ly,5751
connect.hbo.com,5750
channelmum.com,5743
armadamusic.com,5735
carid.com,5729
hirudov.com,5728
boxingsocialist.com,5724
hltv.org,5722
store.roosterteeth.com,5716
mystman12.itch.io,5716
hoophandbook.com,5711
fft.sm,5708
audioblocks.com),5706
phoneradar.com,5705
teeblox.com,5700
tv.majorleaguegaming.com,5698
gophersports.com,5696
bratayley.com,5688
linustechtips.com,5685
1kingdom.info,5684
gfycat.com,5680
a.chipp.us,5679
7ny.tv,5678
proboxinginsider.com,5673
fraser2themax.com,5670
suspicious0bservers.org,5666
indiamart.com,5662
nadiyashah.com,5662
instructables.com,5658
andhrajyothy.com,5656
us.tomonews.com,5652
goldderby.com,5651
carsgui.de,5648
miniwargaming.com,5646
strengthcamp.com,5644
worldsurfleague.com,5639
npr.org,5629
gma.yahoo.com,5627
hot97.com,5625
sports5.ph,5619
what-is-it-worth.net,5615
wrecklesseating.com,5614
pangu.in,5613
hyperx.gg,5605
instutor.com,5600
churchmilitant.tv,5599
learn.adafruit.com,5599
midnight-hype.com,5592
cli.re,5588
insidethemagic.net,5587
dbh.la,5584
trap-daily.com,5584
creepypasta.wikia.com,5581
presstv.ir,5579
91mobiles.com,5576
wrecklesseating.spreadshirt.com,5566
withmyexagain.com,5563
prettylittlething.com,5563
goodmorningamerica.com,5562
video.nedricknews.tv,5558
enhan.co,5556
tytax.com,5556
cc.com,5553
entertainment2.abs-cbn.com,5553
fex.net,5549
gammalabs.net,5548
myanmarmusicstore.com,5546
worldstarhiphop.com,5541
ajplus.net,5537
beautylish.com,5531
billboard.com,5529
afc.com.au,5525
oldschool.runescape.com,5523
inclusiveastrology.com,5520
kloaka.nl,5519
uptv.com,5509
9xm.in,5508
share.mscbd.fm,5504
olympic.org,5504
positionmusic.com,5501
mtg.fish,5498
saregama.com,5497
funi.to,5492
gameloft.com,5492
dribbble.com,5492
vibe.twice.se,5491
filmisnow.com,5490
foxapp.onelink.me,5486
hiphopdx.com,5485
krqe.com,5483
geekazine.com,5481
lowko.tv,5478
motorcycletube.net,5475
foodnetwork.com,5464
firstnews.tv,5453
imagekhabar.com,5450
nflx.it,5436
supermariomakerbookmark.nintendo.net,5431
insightfulastrology.com,5431
meetup.com,5431
emsc-csem.org,5430
hipstrumentals.com,5426
instamojo.com,5424
igdb.com,5423
fallontonight.tumblr.com,5419
gardnerquadsquad.com,5412
hobbyking.com,5409
akliz.net,5406
nashuavideotours.com,5403
dji.com,5400
eastwood.com,5396
excelsiornews.com,5393
lds.org,5393
apple.news,5392
tss.mn,5390
ringoffireradio.com,5387
doghousesystems.com,5385
chillingtalesfordarknights.com,5383
jen-campbell.co.uk,5381
piano-keyboard-guide.com,5375
newschool.edu,5369
powerpyx.com,5366
wearechange.org,5362
thefa.com,5357
wa.me,5356
bts.gg,5355
submithub.com,5336
puzzlegamemaster.com,5335
akamentertainment.com,5328
onerpm.lnk.to,5324
biblegateway.com,5323
tiktok.com,5321
stap.to,5320
guude.spreadshirt.com,5319
azon.ly,5319
plug.dj,5318
thebreakdown.xyz,5312
buydru.ms,5308
mrbongo.com,5306
cs.co,5301
mcmx.in,5298
swpc.noaa.gov,5295
bettingexpert.com,5295
pinkyparadise.com,5294
kristinomdahl.com,5292
wapo.st,5292
gamingwithgleez.com,5290
impac.tw,5287
pressfortruth.ca,5277
faceabook.com,5275
shirts.zackscott.com,5271
go.zara,5257
auction.kipa.be,5246
stelladot.com,5244
costinrazvan.tumblr.com,5243
mathasgames.spreadshirt.com,5240
dabacabb.com,5234
dapsmagic.com,5233
twitch.amazon.com,5230
wowhead.com,5230
bodhaguru.com,5229
idol.ly,5225
bayareacompass.blogspot.com,5221
kristv.com,5221
cyberpowerpc.com,5220
swifttopia.com,5218
alislam.org,5213
sharkrobot.com,5211
digit.in,5211
coursehero.com,5210
iherb.co,5206
humanistreport.com,5205
ereplacementparts.com,5203
nydn.us,5199
astrolada.com,5199
iostore.spreadshirt.com,5192
freemathvideos.com,5192
creepypasta.com,5192
filmyfocus.com,5188
topnews.net.in,5186
hiptv.tv,5185
ligue1.com,5184
froknowsphoto.com,5182
therideshareguy.com,5182
marvelentertainment.tumblr.com,5179
smule.com,5178
alphaomega.church,5178
massagenerd.com,5175
pixologic.com,5174
alsbballtraining.ca,5173
hearthis.at,5173
diversity.moe,5172
newsbiharlive.com,5167
loudr.fm,5163
growtopiagame.com,5162
joytunes.com,5160
krugames.net,5160
rofpodcast.com,5155
nextgenwalkthroughs.com,5151
aso.fr,5150
sidewaysmarkets.com,5149
hosthavoc.com,5147
m.twitch.tv,5146
accesshollywood.com,5138
drdan.co,5134
replayswows.ru,5130
journeyman.tv,5126
m-wav.com),5125
advicetothinktwice.com,5122
hardwax.com,5122
tutorialsbyhugo.com,5120
taja30news.com,5120
news.wagertalk.com,5112
backcountry.com,5109
displate.com,5109
kontrolfreek.pxf.io,5109
forzamotorsport.net,5108
dcmp.org,5106
georiot.co,5105
awesomenesstv.tumblr.com,5105
printfection.com,5104
manoramaonline.com,5103
freemyap.ps,5102
maddenturf.com,5102
odishatv.in,5097
edition.channel5belize.com,5095
live.odishatv.in,5095
worldofwarcraft.com,5085
mayapuri.com,5084
grandadisanoldman.cottoncart.com,5084
donate.iskcondesiretree.com,5082
eng.uatv.ua,5078
curiosity.im,5077
fp-video.nl),5076
yangu.pw,5076
hlvls.com,5072
express.co.uk,5068
wirally.com,5068
mixtapemadness.com,5063
docsports.com,5062
stumptgamers.com,5058
shop.spreadshirt.de,5057
freedomainradio.com,5055
bitmex.com,5042
rawstory.com,5038
globalpunjabtv.com,5034
en.prophecy.de,5032
forms.aweber.com,5027
fantasysportsnetwork.com,5024
rzr.to,5024
cartoonnetwork.co.uk,5021
onision.net,5020
penglaichina.com,5011
wdwinfo.com,5010
discord.io,4995
appspy.com,4993
mygl.am,4991
nimo.tv,4988
syndicateoriginal.com,4987
publishers.orcsnet.com,4985
anatomyofamovie.com,4984
astrologyknight.co.uk,4984
stitchfix.com,4983
files.minecraftforge.net,4982
himshikhartv.com.np,4981
lextu.be,4979
lagalaxy.com,4979
ncix.com,4977
5aabtv.ca,4975
cartoonnetworkasia.com,4975
mercari.com,4973
everyonepiano.com,4970
online.wsj.com,4967
dawnnews.tv,4966
ufifa.com,4966
amazon.it,4965
forksoverknives.com,4961
gta4-mods.com,4960
drummerszone.com,4952
autotrader.com,4946
gamesworldhd.tumblr.com,4942
bhojpuridunia.in,4939
complex.com,4929
bitgale.com,4924
pandapatent.com,4924
guttulus.com,4924
runrex.com,4924
tyguo.com,4924
ppchire.com,4924
immigroup.com,4922
at.cmt.com,4916
jobskillshare.org,4913
gresham.ac.uk,4908
motoloot.com,4902
urdu.news18.com,4900
musiciansfriend.com,4898
freshbakeddisney.com,4897
angrybir.de,4897
tr.op.gg,4897
blogger.com,4896
julianspromos.com,4893
santosfc.com.br,4891
therhinestoneworld.com,4891
bet.us,4890
mmohut.com,4889
hdflorida.com,4887
screenslam.com,4886
videofxlive.com,4885
extremehealthradio.com,4884
cbsnews.com,4884
shoplately.com,4883
pluralsight.com,4881
modii101.a2g.gs,4881
unartignyc.com,4880
redd.it,4879
tnn.is,4875
chikka-nessavenue.com,4875
ouo.io,4871
goldmyne.tv,4869
approachingnirvana.com,4868
siccness.net,4868
gmbn.tech,4864
sesamestreet.org,4864
kontrolfreek.pro,4863
ourmusicbox.com,4861
controllerchaos.com,4853
racedepartment.com,4853
themoneygps.com,4851
sg.app.link,4850
google.co.in,4848
4shared.com,4846
mtv.tumblr.com,4838
app.cdemo.com,4837
queen.lnk.to,4835
castbox.fm,4833
mmaweekly.com,4829
gboah.com,4828
latimes.com,4820
sortitoutsi.net,4820
hulkshare.com,4818
loltyler1.com,4817
7newspk.tv,4816
smilebrilliant.com,4810
filmsofindia.com,4809
gta-downloads.com,4808
pulsr.to,4804
cutt.us,4803
foxsports.com,4798
premierlook.com,4795
video.i24news.tv,4794
wcf.co,4794
fallout3.nexusmods.com,4793
kendrabindu.com,4792
djellala.net,4790
gamercory.com,4790
gta-series.com,4789
gtaseriesvideos.com,4789
fora.tv,4788
handsupanime.com,4787
iboga.dk,4786
market.android.com,4781
tarlwarwickbooks.blogspot.com,4780
julep.com,4780
theduran.com,4779
go.ign.com,4779
abc7news.com,4777
tarlwarwick.wordpress.com,4777
bdcraft.net,4777
vinylfrontiervip.com,4771
losangeles.cbslocal.com,4766
navi-gaming.com,4765
capbeast.com,4765
atlauncher.com,4765
thetankstrap.com,4764
sharpensbest.com,4752
tactics.com,4751
roccat.org,4749
orangeamps.com,4742
shiryu.bandcamp.com,4735
periscopefilm.com,4735
theberrics.com,4733
wmna.sh,4731
chaparral-racing.com,4731
swissbeatbox.com,4728
thehustlersmindsetproject.thinkific.com,4726
assimalhakeem.net,4725
tubescore.net,4724
9now.com.au,4721
viid.me,4718
djkaas.com,4716
examiner.com,4714
kucoin.com,4710
cash.app,4709
emountaintv.com,4705
eonline.com,4701
calendly.com,4701
web.stagram.com,4700
cut-urls.com,4696
makersupport.com,4696
live.warthunder.com,4694
4funindia.com,4690
mega.co.nz,4689
link.boombeach.com,4685
ukf.com,4682
metal-archives.com,4681
redeyerecords.co.uk,4678
mousesteps.com,4677
terrain.jp,4674
constromlie.newgrounds.com,4673
screencast-o-matic.com),4672
uprighthealth.com,4670
live.arynews.tv,4663
sbmusickorba.com,4658
uctv.tv,4658
mcfc.co.uk,4655
crufts.org.uk,4650
websolutions.tsd-inc.com,4647
pesuniverse.com,4645
tfc.tv,4644
esqido.com,4643
revolt.tv,4643
hellofresh.com,4641
outsidexbox.com,4641
hollar.com,4636
myapp.is,4634
shiryugames.odrakir.com,4630
wccftech.com,4630
full30.com,4629
patrika.com,4618
protectiondogsales.com,4617
audiolibrary.com.co,4616
intel.ly,4614
bollygrad.com,4613
jam2vibes.com,4611
toynewsi.com,4609
jessamica92.com,4608
mariokartplayers.com,4606
robbiewilliams.lnk.to,4605
understandingrelationships.com,4603
dataurbia.com,4598
geekyshows.com,4591
mods.curse.com,4591
superdrug.com,4590
trylootcrate.com,4588
wtae.com,4586
supercell.net,4583
songkick.com,4579
mazhavilmanorama.com,4579
sandiegoairandspace.org,4579
usagymnastics.zenfolio.com,4577
xisumavoid.com,4577
vikatan.com,4574
squakenet.com,4574
bboyworld.com,4574
uslsoccer.com,4572
battlebeavercustoms.com,4570
erclassics.com,4570
fazeclanstore.com,4568
itn.co.uk,4566
eightysixed.com,4566
bulbapedia.bulbagarden.net,4563
treepodia.com,4563
fifa.com,4561
preparetoserve.com,4561
stampinup.com,4560
mvmtwatches.com,4557
etimes.in,4557
candycrushsagaallhelp.blogspot.com.es,4554
thisisinsider.com,4553
fetchrewards.com,4546
bayareane.ws,4544
reasonablefaith.org,4544
tubbyemu.spreadshirt.com,4538
msgoldgirl.com,4538
whiteboy7thst.spreadshirt.com,4537
brettlarkin.com,4533
acidicgaming.com,4531
eevblog.com,4529
poptv.com,4527
siemens.com,4525
libertybellows.com,4525
jiosaavn.com,4525
chillhop.com,4523
abcn.ws,4520
cldkid.com,4520
inquirer.net,4519
asus.com,4517
modii101.spreadshirt.com,4516
famousinny.com,4514
vine.bandcamp.com,4511
modthesims.info,4509
tasteofcountry.com,4507
gomtiagency.com,4504
tidal.com,4503
rferl.org,4503
mirrortv.online,4501
rkt.us,4498
newsdirect.nextanimationstudio.com,4497
jamesturner.yt,4496
speedrun.com,4496
flamencoguitarsforsale.net,4494
hybridnetworkyt.com,4494
mxgp.com,4493
godgames-world.com,4492
store.framingtheworld.com,4490
tannyraw.com,4490
howtocookgreatfilipino.com,4488
romwills.com,4486
cwtv.com,4484
lookbook.nu,4481
theyoungturks.com,4480
season-of-mist.com,4477
pixelmonmod.com,4475
yogscastsips.tumblr.com,4469
gestyy.com,4469
duvolle.com,4468
festyy.com,4466
scentbird.com,4465
celebrityradio.biz,4464
d-papa.com,4464
etv.co.in,4461
licklink.net,4458
littleclubmerch.com,4452
worldoftanks.com,4451
omgwrestling.com,4450
down4sound.com,4449
whisky.com,4446
arstechnica.com,4445
igaramchai.tumblr.com,4444
abc7ne.ws,4442
watchgaramchai.blogspot.in,4441
simpleprogrammer.com,4440
cardonecapital.com,4439
metacafe.com,4438
ubi.li,4437
myslumberyard.com,4437
securitycameraking.com,4426
orangemediatv.com,4420
chess.com,4419
hicharis.net,4416
scalelab.com,4414
patriotcharger.com,4413
theaudl.com,4406
shop.studio71us.com,4402
dts.edu,4398
desiretotrade.com,4398
vknewsindia.in,4397
evike.com,4396
hotwatercomedy.co.uk,4393
ft3dp.com,4392
peta.org,4392
edureka.co,4391
danpena.com,4389
kanaknews.com,4388
pauleh.com,4388
ur1.ca,4387
javrullan.es,4387
communitygamehq.com,4385
wired.com,4384
hi-rezdesigns.com,4383
rescue911.de,4381
80smusicremixes.blogspot.co.uk,4380
zayconfresh.com,4376
channelpunjabtv.com,4374
un.org,4374
clove.co.uk,4370
asos.com,4368
111.93.115.200,4362
filmsbykris.com,4362
videostarapp.com,4361
robertfrank615.com,4361
steelsupps615.com,4360
desiringgod.org,4358
dsc.discovery.com,4358
funimation.com,4358
melissawest.com,4356
thenewboston.com,4355
smartmarkvideo.com,4347
micheleknight.com,4345
rctimobile.com,4338
ufc.tv,4336
lpac.co,4332
donate-api.recorder.duapps.com,4331
myfla.sh,4330
rvtv.io,4329
peteandpedro.com,4327
lovingtan.com,4323
shop.trezor.io,4322
weheartit.com,4322
mlg.to,4319
lanevids.com,4319
usa-patriotism.com,4318
lnkd.in,4308
jamiezebra23.com,4307
joncourson.com,4304
theslaptrain.fanfiber.com,4303
jacksonsart.com,4300
fortune.com,4298
audio-technica.com,4295
bitcointalk.org,4295
dollarshaveclub.com,4290
learnfren.ch,4290
andrewwasson.com,4286
sportbiketrackgear.com,4285
donorbox.org,4285
grimstoyshow.com,4282
tlc.com,4277
subpop.com,4276
iswa.gsfc.nasa.gov,4273
micahgallant.com,4270
pcgamer.com,4270
shop.worldstarhiphop.com,4269
videoshowapp.com,4265
vox.com,4264
bricartsmedia.org,4262
cbcnews.ca,4260
instgram.com,4259
altitudeauthentics.com,4257
onlyfans.com,4256
happythumbsgaming.com,4253
flicksandthecity.com,4251
vg247.com,4251
techarp.com,4249
podcastone.com,4245
harekrishnatube.com,4245
cbcnews.tumblr.com,4245
borisfx.com,4243
cyberduelist.com,4243
sallybeauty.com,4240
notblowingsmoke.org,4238
modworkshop.net,4232
fsmods17.com,4225
kokofaceyoga.com,4224
jpost.com,4223
mmo.ga,4222
democracynow.tumblr.com,4216
larouchepac.com,4216
ussoccer.com,4214
famousbirthdays.com,4211
elevatorfan.com,4211
cbcmusic.ca,4210
netduma.com,4208
meesho.com,4207
dailywire.com,4205
reverb.grsm.io,4204
beatsroyaltyfree.com,4204
zapsplat.com,4200
jerkyxp.com,4198
nbs.ug,4198
nbcnews.com,4196
abnb.me,4195
showtimeweb.com,4194
zackscott.tumblr.com,4193
googleplus.com,4193
aka.ms,4193
nations.io,4193
nerdcubed.co.uk,4190
benefitsoffood.blogspot.com,4188
kiesmotorsports.com,4187
bc.vc,4187
techcrunch.com,4185
ttscraps.blogspot.com,4185
supercrosslive.com,4182
wgmods.net,4179
trailblazers.com,4178
clg.am,4178
wizardhax.com,4177
mahdrybread.spreadshirt.com,4176
new.vk.com,4175
allrecipes.com,4175
metromatinee.com,4174
advanced.gg,4172
vh1.com,4171
rebuildingtheman.com,4171
fastereft.com,4166
bolmediabol.com,4165
tractorhouse.com,4162
soundpure.com,4161
giantbomb.com,4160
afternoonexpress.co.za,4159
marlarhouse.com,4159
ali.ski,4153
broadway.com,4150
crutchfield.com,4149
nhs.uk,4149
edmunds.com,4147
davidcuttermusic.co.uk,4142
famproperties.com,4141
totalbhakti.com,4138
chippmunk.com,4136
screencast-o-matic.com,4133
filmcourage.com,4132
1ownercarguy.com,4130
tabs.ultimate-guitar.com,4130
wigtypes.com,4126
prestigebinaryoptions.com,4125
virusxdyoutube.blogspot.com,4125
tvannapurna.com,4124
bestbuy.com,4123
f2p.com,4117
teechip.com,4112
tigermuaythai.com,4112
isu.org,4111
empire.lnk.to,4107
guitarjamz.com,4105
sincedutch.wordpress.com,4104
freddiesmodernkungfu.com,4103
collection.cnn.com,4102
gsmonline.pl,4098
bronxrican.com,4096
emmadrew.info,4095
capcomprotour.com,4093
atsmods.lt,4093
vapingwithvic.co.uk,4091
telugupopular.com,4089
bearbulltraders.com,4088
7news.link,4085
music4yourvids.co.uk,4084
barbershop.org,4080
dontflop.com,4079
vicenews.tumblr.com,4077
freepik.com,4076
thedodo.com,4076
chris.pirillo.com,4075
brk.to,4075
unitmediagroup.com,4073
gameinfocenter.com,4073
vicenews.com,4073
vulkk.com,4067
rng.rs,4067
feetfirstproductions.tumblr.com,4066
ifreshd.h1n.ru,4061
goanimate.com,4060
director-editor.coi.co.il,4060
fantasypower11.com,4059
aaronrutten.link,4058
feetfirst.tv,4058
muscleandstrength.com,4058
judicialwatch.org,4058
songwriter.amplifiertv.com,4057
tv360nigeria.com,4054
topfreeintro.com,4053
sanjeevkapoor.com,4052
coindesk.com,4051
munchpak.com,4047
r.wmt.co,4044
pro.eslgaming.com,4044
stevesairshow.com,4039
livestrong.com,4037
pokecommunity.com,4036
songsnepal.com,4035
l.ead.me,4030
beastnode.com,4029
bigstockphoto.com,4029
vydia.com,4029
pokemonshowdown.com,4022
thetoneking.com,4021
oann.com,4021
newsflare.com,4021
streetfighter.com,4020
freethoughtblogs.com,4018
halowaypoint.com,4016
usat.ly,4016
vessel.com,4016
vicdibitetto.net,4015
jdro.myrandf.com,4014
videoblocks.com,4013
meundies.com,4012
comicbook.com,4012
pc.squirrel.tv,4010
squirrel.tv,4009
specs.squirrel.tv,4007
tarangmusic.in,4005
lamborghinidallas.com,4004
ptcpunjabi.co.in,4004
ueg.org,4003
vahrehvah.com,4001
tflcar.com,4001
msnbc.com,4001
dslyecxi.com,3999
jjevafrass.com,3999
newsdnntv.com,3997
ecb.co.uk,3995
jkartsulhasnagar.blogspot.in,3994
diagnostic-world.com,3994
shrinkearn.com,3993
musichelpdude.com,3991
worldview.stratfor.com,3987
israelnationalnews.com,3986
irongeek.com,3983
zerochan.net,3980
odd.gg,3977
jordantowerfilms.com,3974
sakshi.com,3974
qsc.com,3973
captainsparklez.spreadshirt.com,3973
simplyhike.co.uk,3972
marinemaxvacations.com,3971
app.box.com,3971
chicagobears.com,3970
chgobrs.com,3969
rubinreport.com,3969
chemicalguys.com,3968
9news.com,3967
sourcefed.tumblr.com,3966
theshredquarters.com,3962
engadget.com,3961
robotchallenger.com,3960
mziiki.com,3960
mtsnutrition.com,3959
song.link,3959
nydailynews.com,3958
curiouscat.me,3953
emergencyawesome.com,3952
4.nbcny.com,3950
fourseasons.com,3949
premierguitar.com,3948
tocapartituras.com,3947
gulfnews.com,3947
sdrock.com,3947
nintendolife.com,3947
limraagency.org,3946
tomfawkes.tumblr.com,3946
empireavenue.com,3946
f-club.com,3945
fiba.com),3944
ley.la,3944
shoptna.com,3943
castingcall.club,3942
harekrsnalive.com,3942
poshlifeclothing.com,3941
alejandrosaab.com,3939
myxph.com,3939
hasfit.com,3933
sbtv.co.uk,3933
gfuel.ly,3932
tradingview.com,3931
sailrite.com,3928
espn.go.com,3928
technobuffalo.com,3927
xtremerides.nl,3927
3d.pn,3927
funnyordie.com,3920
wagertalk.com,3918
filmjunkee.com,3917
forum.kerbalspaceprogram.com,3916
wgaffiliate.com,3915
jeffhoogland.com,3913
offergb.com,3913
markbajerski.com,3911
fmusicrecords.com,3909
ownaj.com,3908
parliament.scot,3907
elitefts.com,3905
pragnews.com,3901
destinydecade.wordpress.com,3900
sirtaptap.com,3896
tvonepk.tv,3896
osms.it,3895
eu.battle.net,3893
parkablogs.com,3893
govliquidation.com,3888
en.unifrance.org,3883
blindwave.net,3880
g-portal.us,3880
oculus.com,3879
scuf.co,3878
exploituniverse.com,3877
blackopaldirect.com,3872
dzproductions.tv,3871
music.rushisbiz.com,3870
turtlebeach.com,3870
godlywoodstudio.org,3870
ho.lazada.com.ph,3869
yelp.com,3867
vapehappy.com,3867
the-online-coach.com,3865
shazam.com,3864
theclubnights.com.mx,3864
news.yahoo.com,3863
woweather.com,3862
corneey.com,3861
nature.com,3854
chrome.google.com,3852
bravowwhl.tumblr.com,3850
freetv.ie,3848
bravotv.tumblr.com,3845
americanfreedomradio.com,3844
splashnewstv.com,3842
fimfiction.net,3836
hardtunes.com,3834
sdbullion.com,3826
thenexusmc.com,3824
adore.me,3824
adbl.co,3823
mkwrs.com,3817
store.paulbegleyprophecy.com,3816
loc.gov,3814
grantcardone.com,3811
trutv.com,3810
rotoscopers.com,3810
span.com,3810
ryanhoyme.com,3808
go.the8bitninja.com,3807
direct-url.com,3807
csharp-video-tutorials.blogspot.com,3806
hitlerrantsparodies.com,3804
junkfoodtaster.com,3804
cointelegraph.com,3803
triplevision.nl,3797
sarkariexam.com,3795
extra-life.org,3792
store.majorleaguegaming.com,3789
jrcigars.com,3788
outalpha.com,3788
tbs.com,3787
talkable.com,3786
jmbullion.com,3785
surveymonkey.com,3780
247hh.com,3779
scottgames.com,3778
lectur.io,3777
chfstps.co,3775
flaticon.com,3772
southfront.org,3771
screenrant.com,3768
line.me,3767
brainwavepowermusic.com,3767
mtv.co.uk,3767
trunews.com,3763
on.wtsp.com,3762
majorityreportkickback.com,3761
9nl.co,3760
cuny.tv,3758
primetimepokemon.blogspot.com,3756
thecoldestwater.com,3755
pittsburghpanthers.com,3750
dragoart.com,3749
tarladalal.com,3749
connectgujarat.com,3747
state.gov,3747
stampinup.net,3746
ucg.org,3746
promodj.com,3745
euronews.net,3744
technicalguruji.in,3743
mahdrybread.freeforums.org,3743
hourphilippines.com,3742
capitalism.com,3741
applepodcasts.com,3741
politico.com,3740
emdcnetwork.com,3739
wallbase.cc,3738
dapalan.com,3736
lojsociety.org,3736
markrogerstv.podbean.com,3734
deutschegrammophon.com,3733
fundrazr.com,3732
alux.com,3732
atheist-community.org,3731
pokemon.com,3730
jeromeasf.spreadshirt.com,3730
onision.com,3729
hipstrumentals.net,3728
theericbutts.com,3728
drumstheword.com,3728
5sosf.am,3726
vinesauce.booru.org,3724
appnana.com,3723
whitehillproduction.com,3723
gujarati.connectgujarat.com,3720
account.xbox.com,3719
letsrun.com,3718
profiles.google.com,3717
freevideogamebackgrounds.com,3716
dotacinema.com,3715
oshodhara.org.in,3713
chicagotribune.com,3713
zarantech.com,3713
spl.sh,3711
nerdi.st,3710
tastemade.com,3708
imraising.com,3708
hdbackgroundpng.com,3706
bmi.com,3705
powerthoughtsmeditationclub.com,3704
canva.com,3701
zx42solutions.com,3700
appuseries.com,3700
icts.res.in,3699
sohodata.nascom.nasa.gov,3697
powerbanggaming.com,3697
akasan.spreadshirt.com,3696
collectivekicks.com,3696
geekfuel.com,3696
fliptroniks.com,3695
pacificrimphotopress.com,3695
ionomusic.com,3694
wimbledon.com,3691
prasanthblog.com,3690
vdmakeup.uk,3690
halleonard.com,3690
mtto.tv,3689
sheron1030.deviantart.com,3688
joshpeckdisclosure.com,3688
bsocialshine.com,3686
imincorrigible.wordpress.com,3685
thecgbros.com,3684
gouletpens.com,3684
caws.smacktalks.org,3683
chefricardocooking.co.uk,3676
9news.com.au,3676
fiba.basket,3673
andyguitar.co.uk,3671
tennistv.com,3669
sfata.org,3668
centerforautism.com,3668
yahoo.com,3666
origin.com,3666
apmex.pub,3666
sena.com,3665
zackscott.spreadshirt.com,3664
ogs.gg,3664
titlematchnetwork.com,3664
birch.ly,3662
tireo4christ.com,3662
mirrornownews.com,3662
tshirtstudio.com,3661
flipkart.com,3659
kiddnation.com,3658
gunstreamer.com,3658
americanmuscle.com,3656
theyetee.com,3655
graphisoft.com,3655
cr8.lv,3654
packtpub.com,3650
bigspeak.com,3650
erj.life,3650
migardener.com,3649
disney.co.uk,3649
tempodigital.org,3648
beastsofwar.com,3647
lebronfirm.com,3647
ukuleleunderground.com,3646
movieweb.com,3645
markreads.net,3644
punm-alt.lnk.to,3644
collegehumor.com,3643
thecubicle.us,3642
sedonalace.com,3639
ballebaazi.app.link,3639
subscriptions.viddler.com,3638
attractionsmagazine.com,3638
forums.civfanatics.com,3633
viki.com,3633
sparrowslockpicks.com,3632
shop.spreadshirt.com.au,3631
deffaeco.tumblr.com,3630
markwatches.net,3627
au.pinterest.com,3627
nefu.ly,3626
store.awmi.net,3626
gulistannews.in,3625
n3f.tv,3624
indiedb.com,3624
uhostpro.com,3621
markdoesstuff.com,3620
alphadraft.go2cloud.org,3618
decoart.com,3618
raaga.com,3616
learnautobodyandpaint.com,3615
go.tyt.com,3613
vintersections.com,3613
pscp.tv,3612
chinagadgetsreviews.com,3608
kamalifestyles.com,3607
slusny.net,3607
smart.link,3606
unitlost.com,3604
dxracer.com,3603
sandesh.com,3599
midashim.com,3599
starmedia.com.my,3598
steelseries.com,3597
cnalifestyle.com,3597
carthrottle.com,3595
creativeguitarstudio.com,3593
apkpure.com,3592
forever-video.com,3591
tetrasales.ru,3590
bigota.d.miui.com,3589
gear4music.com,3589
phonelosers.org,3589
mineplex.com,3589
hungrygen.com,3585
rwrd.io,3584
yourguitarsage.com,3581
chopshopgoods.com,3581
forhumanpeoples.com,3581
clarity.fm,3578
vice.com,3578
shacknews.com,3578
moonbase2.libsyn.com,3577
pdxint.at,3576
awesomenesstvnetwork.com,3573
mindblowingidea.com,3573
musical.ly,3573
unclehotep.storenvy.com,3572
popinabox.us,3570
gr.pn,3570
majorslack.com,3568
teluguscreen.tumblr.com,3568
whitefoxboutique.com,3566
webeautos.com,3563
unicef.org,3559
kbsworld.tumblr.com,3559
simplewebsitemaking.com,3558
linuxhelp.com,3558
universalyums.com,3557
helioviewer.org,3555
yourgaybar.com,3555
wscrk.com,3554
assettocorsa.net,3552
itsmoosecraft.com,3552
nykaa.com,3551
national-lottery.co.uk,3551
ubr.to,3551
sourcefed.com,3551
larryjordan.biz,3550
notivision.tv,3546
joinhoney.com,3546
bibletalk.tv,3546
refinery29.com,3543
proximus.be,3543
manual-music.com,3542
glmr.me,3542
gamefly.com,3540
afghanstar.tv,3540
downstairs.com,3537
bgpictures.com,3536
blackberrybeautyacademy.com,3536
skatedeluxe.com,3534
myfridayposter.tumblr.com,3534
ridersrangersandrambles.com,3532
lazerzz.spreadshirt.co.uk,3530
taptap.com,3528
stringclub.com,3527
dpbolvw.net,3526
firefan.com,3526
sc.mp,3526
carwow.co.uk,3524
shopimpact.com,3523
gonetothesnowdogs.com,3516
supr.cl,3515
gmk.gg,3515
boredgamer.co.uk,3515
madrinascoffee.com,3514
bestbabylullabies.com,3512
astrologykrs.com,3511
djavemcree.net,3511
join.air.io,3509
stoneblueairlines.com,3505
hobbykidstv.com,3504
jamaicavalley.com,3502
forum.paradoxplaza.com,3502
worldofmods.ru,3501
officialhodgetwins.com,3500
financialissues.org,3498
desimartini.com,3496
aajkikhabar.com,3496
kerbalspaceprogram.com,3496
bullishbears.com,3495
digitalrev.com,3495
pin.it,3495
goldenstatemint.com,3495
ultramusic.com,3494
skyestorme.com,3494
vdmakeup.com,3494
garyvee.com,3493
on.vh1.com,3492
hindu-academy.com,3492
easyallies.com,3491
nicholmagouirk.typepad.com,3490
airtelhellotunes.in,3488
prettylittlething.us,3487
btn2go.com,3487
kqzyfj.com,3487
worldofwonder.net,3486
sdo.gsfc.nasa.gov,3486
hbogo.com,3485
omshantitv.org,3484
ahlulbayt.tv,3484
countessoflowcarb.com,3483
hallmarkchannel.com,3483
bambams-universe.de,3481
medianri.com,3481
play.any.tv,3479
callofduty.com,3479
rizknows.com,3479
ello.co,3478
1320video.com,3478
ptvnews.ph,3476
download.cntv.cn,3474
tfir.es,3473
gametee.co.uk,3472
x-tremevideo.com,3471
scubetv.com,3470
jinglepunks.com,3468
pushsquare.com,3466
vocativ.com,3466
little.yt,3465
stargolpo.com,3465
thrashermagazine.com,3464
goldah.com,3462
charisbiblecollege.org,3462
mathispower4u.com,3460
autoline.tv,3459
royaltyfreekings.com,3459
planetxnews.org,3459
vh1.tumblr.com,3457
tinaytin.com,3457
therawadvantage.com,3456
crochet-mania.blogspot.com,3452
jahova.spreadshirt.com,3451
bachscholar.com,3451
tinaandtin.com,3447
arirang.co.kr,3446
tkqlhce.com,3446
shyamsadhu.com,3444
appcheaters.com,3442
edition.cnn.com,3440
mwomercs.com,3440
playmusic.app.goo.gl,3437
bhcosmetics.com,3436
xurbansimsx.com,3434
nstra.pro,3431
cardiffcityfc.co.uk,3431
show-notes.info,3430
net25.tv,3429
scp-wiki.net,3427
santinobros.net,3425
joindota.com,3424
millsbuickgmc.com,3423
lockpickshop.com,3422
fuse.tv,3422
boxingego.com,3420
yabuilder.com,3419
stevespanglerscience.com,3419
hollywoodreporter.com,3417
hhs.gov,3415
robinhood.com,3414
cazuall.co.uk,3413
lifespa.com,3412
kvue.com,3412
youtube.wikia.com,3410
filmora.wondershare.com,3409
dj.beatport.com,3408
yadi.sk,3406
rockymountainatvmc.com,3404
wallpaperscraft.com,3403
surrenderat20.net,3403
samsbeauty.com,3402
ichs.co,3402
canadianpreparedness.com,3399
begambleaware.org,3399
faroutrecordings.com,3399
foclonline.org,3398
clnsmedia.com,3398
urlz.fr,3392
smartrapper.com,3392
shop.hlj.com,3389
freemusicteacher.com,3388
vevo.com,3388
wowcelebritytv.com,3388
hotmiamistyles.com,3387
midlandsconnect.com,3387
iczelblog.wordpress.com,3386
go.ebat.es,3385
ubisoft.com,3384
hergivenhair.com,3383
j-tv.me,3382
amazon.com.au,3381
mothergooseclub.com,3379
abc13.co,3379
czwstudios.com,3378
renegadefaction.net,3378
catalog.archives.gov,3378
daniellevi.eu,3374
currys.co.uk,3372
fanduel.com,3371
power1051fm.com,3370
tradegenius.co,3370
motorcyclenews.com,3369
earthquake3d.com,3368
immarksman.tumblr.com,3368
keepme.live,3368
youtube.epidemicsound.com,3367
tarveracademy.com,3366
mtdb.com,3365
thevaultproscooters.com,3364
bhg.com,3363
list25.com,3361
swiftor.com,3360
disneypinsblog.com,3360
pokemondb.net,3358
forcestrategygaming.com,3358
aminoapps.onelink.me,3357
sophiaangel.net,3357
publicdomainfootage.com,3356
tv.powwows.com,3356
joinfilms.com,3356
europauniversalis4.com,3355
androidsnap.com,3354
webpianoteacher.com,3353
togetaboyfriend.com,3352
97zokonline.com,3350
onlyflyingmachines.com,3348
hrr.co.uk,3347
smbtraining.com,3347
envioushost.com,3338
try.media,3337
travelswithsheila.com,3337
tru-thoughts.co.uk,3337
grammy.com,3336
geekanoids.tumblr.com,3335
databuddy.co,3333
cntryrbl.us,3331
pinterest.com.au,3331
killrockstars.com,3330
nykefaller.com,3328
bollywoodtashan.online,3328
divineinformation.com,3328
eurovision.tv,3326
amuthammusic.com,3325
sonicelectronix.com,3325
etchshop.co.uk,3325
english-communicator.ch,3324
earth.nullschool.net,3323
musicnepal.com,3322
siyathafm.lk,3322
gunchannels.com,3321
thedailystar.net,3321
dogcraft.net,3320
greatergood.me,3320
seanpinder.net,3320
racingpost.com,3319
wbr.ec,3317
rangerstv.tv,3314
atthismall.com,3314
svs.gsfc.nasa.gov,3313
enclinedesigns.com,3312
editorsdepot.com,3311
mtvuk.tumblr.com,3309
arumba07.reddit.com,3308
thelallantop.app.link,3306
thejollyfatelf.blogspot.com,3306
blizzard.com,3305
matmiproduction.blogspot.com,3302
matmiproduction.tumblr.com,3302
tinfoilchef.com,3301
mirandafrye.com,3301
nairobinews.co.ke,3300
schooloftrade.com,3300
my3music.com,3300
reshoevn8r.com,3300
paperwishes.com,3299
thedoctorstv.com,3298
domobeads.com,3298
rogarena.com,3297
da.twitch.tv,3297
serapina-light.blogspot.si,3297
mbasic.facebook.com,3296
motorcube.it,3296
lagunitas.com,3296
renderforest.com,3296
inforustavi.ge,3294
partners.leagueoflegends.com,3293
koopakungfu.com,3292
fender.com,3291
gamersnexus.net,3289
yuva4india.tv,3289
instragram.com,3287
rangers.co.uk,3286
kriskrohn.com,3284
nintendoeverything.com,3283
gamesradar.com,3282
sidemenbook.co.uk,3281
itsjudytime.com,3278
thestar.com.my,3273
zeroyalviking.tumblr.com,3271
sas.com,3271
bbcworldwide.com,3271
blog.naver.com,3268
nicholasashbaugh.com,3268
dote.app.link,3266
nesoacademy.org,3263
athleanx.com,3262
supergamingfamily.spreadshirt.com,3262
clk.tradedoubler.com,3261
realdealdiscounts.com,3260
goo.gle,3260
streamjar.tv,3259
eyefilm.nl,3258
buymeacoff.ee,3257
bifuteki.com,3257
xu75j.app.goo.gl,3255
hindi.nyoooz.com,3255
medianp.com,3253
southernliving.com,3253
avantlink.com,3252
chooseyourrelationships.com,3251
joblo.com,3251
sikana.tv,3251
brendenplayz.com,3250
gizmodo.com,3249
aoczone.net,3249
f4wonline.com,3248
jukedeck.com,3247
leerburg.com,3247
jerryspringertv.com,3247
play.esea.net,3246
dubtechnoblog.com,3246
ceepackaging.com,3245
vanipedia.org,3243
clnk.in,3243
comedytime.com,3243
appunwrapper.com,3242
cirk.me,3240
curious.com,3239
planetxnews.subscribemenow.com,3236
thestream.tv,3235
futhead.com,3233
wowafrican.com,3233
fanatec.com,3232
autobytel.com,3232
volcanodiscovery.com,3232
mayyam.in,3232
askmen.com,3229
curtisskingbeats.com,3229
jeffreydaugherty.com,3228
yen.io,3227
deltastep.com,3225
1ink.cc,3223
buymutcoins.com,3221
autodesk.com,3221
toolroomrecords.com,3220
tvcnews.tv,3219
krasi-fifa.com,3216
halloweenhellmouth.com,3212
chewy.com,3212
guitartricks.com,3211
mxgp-tv.com,3211
channelawesome.com,3210
aol.it,3210
howtocrochett.blogspot.com,3209
nbcagt.tumblr.com,3208
legundo.com,3207
teenstarcompetition.co.uk,3203
hisz.rsoe.hu,3203
minnesota.cbslocal.com,3199
musiccircle.in,3199
shop.carrieelle.com,3199
mobile.tvcnews.tv,3197
popcorntalk.com,3195
onision.spreadshirt.com,3193
ipanda.com,3193
app.adjust.com,3192
intelextrememasters.com,3190
myfigurecollection.net,3188
brightstorm.com,3188
r3-music-box.com,3186
craftsy.com,3186
bigncollectibles.com,3186
esckaz.com,3186
tsbgamers.org,3185
luxuryforprincess.com,3183
thomasandfriends.com,3183
fighthubtv.merchlabs.com,3183
trapcosmos.com,3182
charlieintel.com,3182
m.d11.io,3180
mksecrets.net,3179
andrewapplepie.com,3178
bensound.com),3177
theridechannel.com,3175
myfoxdfw.com,3175
tradeproacademy.com,3174
on.swashin.tv,3171
ps4trophiesgaming.com,3171
beautyheaven.com.au,3171
dreamguitars.com,3171
shop.crowdmade.com,3170
hindirush.com,3170
thelootlair.com,3170
assholeconsulting.com,3170
dodolashes.com,3169
videogamer.com,3168
pizowell.com,3168
kirbysguitarlessons.com,3167
scentbird.7eer.net,3164
arxiv.org,3164
cgmeetup.net,3164
sirupmusic.lnk.to,3163
rotorriot.com,3162
mmoga.de,3162
people.highline.edu,3162
kh13.com,3160
ohclucktoys.com,3160
eriktv365.com,3159
topbilling.com,3158
boattube.net,3157
vapordna.com,3157
iracing.com,3157
www1.cbn.com,3157
dutchsinse.com,3156
ninety9lives.com,3155
nickelodeon.tumblr.com,3153
christianraps.com,3151
djtutor.com,3151
justinhealth.com,3151
looper.com,3150
oversight.house.gov,3150
hiphopinternational.com,3149
images.apple.com,3149
triggerdevil.com,3149
thevibeguide.net,3147
trapandbass.com,3146
ao.com,3146
skysports.com,3145
angelreadingswithgrace.com,3144
crusaderjournal.com,3143
beachbodycoach.com,3141
livescience.com,3141
newretrowave.com,3140
x22report.com,3140
rampantdesigntools.com,3139
1.usa.gov,3138
proleter-beats.com,3137
ideapopcornstreet.com,3137
rtvonline.com,3136
qjbeat.spreadshirt.com,3135
kipa.be,3134
m3motorcube.com,3134
nagaswarafm.com,3129
mariusmutin.com,3126
welcome2kids.com,3126
customcontrollersuk.co.uk,3125
hindutamil.in,3125
ceesty.com,3124
audionetwork.com,3124
cubedhost.org,3124
leahday.com,3122
4playernetwork.com,3121
ddcaz.com,3120
trutv.tumblr.com,3120
kottabosgames.spreadshirt.com,3120
vaibhavanathsharma.com,3117
brookings.edu,3117
ravenelford.com,3116
gumbal.tv,3113
ryanoscribner.com,3112
lg.com,3112
epngo.bz,3111
jonbaileyvo.net,3111
beeple-crap.com,3110
lankasri.com,3110
nearlyseniorcitizen.blogspot.com,3110
thejarjarheroo.blogspot.mx,3108
quotefancy.com,3105
enhancedmusic.com,3104
daviddifran.co,3103
dx.com,3103
keralis.net,3102
irokotv.com,3101
cryochamber.bandcamp.com,3100
wiki.teamliquid.net,3099
teamfortress.tv,3099
warhammer40k.wikia.com,3098
blurb.com,3098
gtaxscripting.blogspot.com,3097
teksyndicate.com,3097
allam.co,3095
kindafunny.com,3095
likecoin.pro,3095
mechaniclifestyle.com,3094
mashable.tumblr.com,3092
maskedmetaknight4.deviantart.com,3092
christianfilipina.com,3092
statigr.am,3090
dishnation.com,3090
tsunami.gov,3089
pillaicenter.com,3089
indundi.com,3088
dicetowercon.com,3087
urlgeni.us,3086
mypoints.com,3083
myfavoritegroomer.com,3083
myntra.com,3083
barkbox.com,3083
savvycouponshopper.com,3082
dragzine.com,3079
newvision.co.ug,3078
tv.cuny.edu,3078
mobiletak.in,3076
fw.to,3076
owlcrate.com,3076
scishow.tumblr.com,3073
stereo.gsfc.nasa.gov,3073
rnbass.com,3072
sscadda.com,3072
horizonhobby.com,3071
buyrestmore.com,3071
symthic.com,3070
stum.pt,3069
glm.tv,3067
danieltidwell.com,3067
juicygamereviews.com,3067
sonarlearning.co.uk,3067
watchstadium.com,3066
aprilthegiraffe.com,3065
gamefaqs.com,3065
seibertron.com,3064
inertiatours.com,3063
westernjournal.com,3061
davidcuttermusic.com,3061
danegerandstacey.com,3060
hatreon.us,3059
nuclearblast.com,3059
books.google.com,3057
afv.tv,3054
playhearthstone.com,3052
gatheringmagic.com,3052
stonecoatcountertops.com,3049
pennlive.com,3047
mrgoldengs.spreadshirt.com,3046
guitarcenter.com,3046
iwantv.com.ph,3045
pca.st,3045
testtube.com,3045
ice.edu,3043
bleacherreport.com,3042
manutd.com,3042
movietools.info,3039
wgpartner.com,3038
chrispirillo.com,3037
fextralife.com,3037
thefreedomline.com,3036
ihealthtube.com,3035
commitmentconnection.com,3034
music.lk,3033
horoscopeswithin.com,3031
sciencedirect.com,3031
privateinternetaccess.com,3030
peakcosmetics.com,3029
spiritandtorah.com,3027
essence.com,3027
se7ensins.com,3026
javi4x4.com,3026
game-leap.com,3025
beybladeworld.net,3024
techtablets.com,3022
krgv.com,3021
honda.us,3019
hi5.com,3019
mynbc15.com,3019
yesnet.tumblr.com,3018
thesunnyside.net,3017
drumeo.com,3016
ishafoundation.org,3014
join.zackscott.games,3014
fabfitfun.com,3010
thebitcoin.pub,3010
beamng-fun.com,3010
tradingview.go2cloud.org,3010
thephoenixclub.com,3009
interviews.televisionacademy.com,3009
stevewilkos.com,3009
thebereancall.org,3007
rhyannawatson.com,3006
pocketsofthefuture.com,3006
epicfireworks.com,3006
shopgilmore.com,3003
theanimaladventurepark.com,3003
aadishaktifilms.in,3002
rapzilla.com,3001
hatfilms.bandcamp.com,3001
maclobuzz.com,3000
factory78.com,2999
space.com,2996
cartoonz.spreadshirt.com,2996
techsmith.com,2996
justinguitar.com,2995
anibrand.com,2995
defct.de,2995
makkalkural.tv,2994
viralvideouk.com,2994
barbiemo.com,2994
nabba-international.com,2992
send.onenetworkdirect.net,2991
chessschool.com.au,2989
itsjfunk.com,2988
rotaryswing.com,2986
photorec.tv,2985
fiba3x3.com,2985
denvernuggets.tumblr.com,2984
circle-people.com,2983
modsgaming.us,2983
premiershiprugby.com,2982
pew.tube,2981
tipeee.com,2979
bigbeat.lnk.to,2979
ourfamilynest.com,2978
nfxshotnetwork.net,2977
odnoklassniki.ru,2977
bicycletube.net,2977
vibes.link,2976
kwdesign.at,2976
musicandchants.com,2976
vkontakte.ru,2975
feedmysheeptoday.org,2975
avrecords.co,2974
xboxdvr.com,2974
donatepay.ru,2972
cash4ap.ps,2971
440416.spreadshirt.com,2971
shop.season-of-mist.com,2971
influencerbridge.com,2971
y254.co.ke,2971
nyke.co,2970
videogamenewsrise.tumblr.com,2970
dinopc.com,2969
newsmax.com,2969
odishalive.tv,2968
drivethrurpg.com,2966
facebook.de,2966
climateviewer.com,2966
magic.wizards.com,2965
rokuguide.com,2964
gzoom.me,2963
lillylashes.com,2963
zionclassics.com,2963
toptenz.net,2962
lamarrtownsendtarot.com,2962
ar12gaming.com,2961
tradingcardmint.com,2960
di.fm,2959
letour.fr,2959
go.lprk.co,2959
designedbyboo.com,2958
impactwrestling.com,2958
qutee.com,2956
m.freemyapps.com,2955
mirror.co.uk,2955
clone.nl,2953
bassrebels.co.uk,2953
njpw1972.com,2953
dailytechnewsshow.com,2952
nerdist.com,2950
siriusxm.us,2949
gab.com,2948
pinchme.com,2948
justsaiyan.co,2946
wajinshusenpai.com,2945
animal.discovery.com,2943
bollywoodchakkar.in,2943
a-fwd.to,2942
eurohoops.net,2942
youmedia.fanpage.it,2942
lakersnation.com,2942
zoltanphoto.com,2940
christianrapz.info,2938
ifixit.com,2937
christianrapz.com,2936
hardrecordzz.com,2935
christianrapz.org,2935
christianrapz.us,2935
drd.sh,2934
simonsezit.com,2933
picasaweb.google.com,2933
exampur.com,2932
thinkprogress.org,2932
artforkidshub.com,2932
thereallyusefulpianoposter.com,2931
tokopedia.com,2929
gentl.mn,2929
thirtyir.com,2928
swami-ramdev.com,2927
fightview360.com,2927
henyamania.com,2926
moviegasm.com,2926
grbe.st,2925
trans-siberian.com,2925
kingofthedot.com,2923
booru.vineshroom.net,2923
myfridayposter.com,2923
hypelifemagazine.com,2922
santoshsantoshi.in,2921
affairrecovery.com,2921
shombhar.com,2921
player.bfi.org.uk,2920
thebinarylivingway.com,2919
showmecables.com,2918
parkwayrvcenter.com,2917
studiopromos.com,2917
recombu.com,2916
gabrieltraveler.com,2916
savan.com,2913
thefader.com,2912
sdp.io,2912
pgnpiano.com,2911
khub.me,2911
clintusmerch.com,2910
xboxviewtv.com,2910
testu.be,2909
wheaton.edu,2908
crepjunkie.com,2908
infowars.com,2907
audiogenic.fr,2907
djeasypromos.com,2906
industrydanceawards.com,2906
store.payloadz.com,2906
beholdisrael.org,2905
toonfirst.com,2902
fatalgrips.com,2901
mkboards.com,2901
terraria.org,2901
kdhx.org,2900
redbull.com,2900
ww5b3.app.goo.gl,2899
shop.optic.tv,2899
billing.nitrous-networks.com,2898
caradvice.com.au,2898
chillhop.bandcamp.com,2898
latenightseth.tumblr.com,2898
9xtashan.in,2897
saveiman.com,2896
legalshield.com,2896
fullscreen.wufoo.com,2895
brickmania.com,2895
ambitiouscustomprinting.com,2895
fowlershow.com,2894
videobacks.com,2893
bamboogrovepress.com,2893
ap24x7live.com,2893
abc13.com,2892
lawnfawn.com,2889
daddyezee.webs.com,2889
numeproducts.com,2888
replicaairguns.com,2888
goto.tm,2887
teamkaliber.com,2887
allaboutcircuits.com,2886
artisttilldeath.com,2884
geekandsundry.com,2884
123telugu.com,2884
aoeah.com,2883
jeffreyjansen.buildlastingsuccess.com,2883
neppodesigns.com,2881
mediaite.com,2880
pandora.com,2880
itm.fun,2879
flpfamily.com,2879
mantraeasy.com,2878
terrpactees.spreadshirt.co.uk,2877
hyundaius.co,2876
bandsintown.com,2876
riserecords.merchnow.com,2875
flipsidegaming.com,2874
madloops.bandcamp.com,2873
method.gg,2872
magicalmusic.tv,2872
ww.facebook.com,2871
shopmissa.com,2871
xadamleex.spreadshirt.com,2870
boxingscene.com,2870
motionloops.com,2870
no-copyright.com,2869
tipsybartender.com,2869
iview.abc.net.au,2868
needforseatusa.com,2868
indy.livemixtapes.com,2868
brk.cm,2866
medianp.tv,2866
undercovertourist.com,2865
battabox.com,2865
soaestheticshop.com,2865
basketball-reference.com,2861
popularmmos.com,2860
pshmrk.app.link,2860
artistkhabar.com,2860
odesza.co,2860
econ.st,2860
enginelabs.com,2860
cerealmarshmallows.com,2859
waffleflower.com,2858
bradyates.net,2857
geekatplay.com,2856
nordvpn.com,2855
grahambensinger.com,2852
rohwrestling.com,2852
www.sandesh.com,2852
fineartamerica.com,2850
videos.samaa.tv,2849
darlenemichaud.com,2849
live.samaa.tv,2849
desiplaza.tv,2847
boredpanda.com,2847
usapatriotism.org,2846
join.thenextgamer.com,2841
baeble.me,2841
twsnow.co,2840
rootstv.ng,2839
citycardriving.com,2839
dailyliveprayer.com,2838
fantayziamaxismatch.tumblr.com,2838
filmypati.com,2838
jouercosmetics.com,2838
trackitdown.net,2837
nabba.at,2837
ronplacone.com,2836
wfuv.org,2836
onefc.com,2835
brandonhd.com,2835
bombaytimes.com,2833
milb.tv,2830
cybertronaxblog.blogspot.com,2829
robinmosesnailart.blogspot.com,2829
strawberrysingh.com,2828
vaditim.com,2826
indtvusa.com,2826
boxintypex.blogspot.com,2825
intellectdigest.in,2824
iamalpham.com,2824
elliotthulse.com,2824
sunfrog.com,2824
ketv.com,2824
financial-spread-betting.com,2823
philips.to,2823
rappler.com,2823
shreecinenews.blogspot.in,2822
seattlecoffeegear.com,2822
dicetowercruise.com,2821
extremeterrain.com,2821
grantcardonetv.com,2820
harley-davidson.com,2820
khaleejtimes.com,2819
bindabasinimusic.com,2819
sixtyandme.com,2817
reallusion.com,2817
playeressence.com,2816
sairecordds.com,2815
vsq.io,2815
artofliving.org,2815
nationalnutrition.ca,2814
onedigitalentertainment.com,2814
africafortheafricans.org,2814
randomssslots.com,2813
idol.lnk.to,2812
alphaleteathletics.com,2812
umgn.us,2812
satv.tv,2811
timblacktv.com,2811
glenjamn.com,2811
ksbw.com,2809
aex.ae,2809
wishtrend.com,2808
onedrive.live.com,2808
alabe.com,2808
unhcr.org,2807
tiege.com,2806
neetprep.com,2806
guerillamedia.co.nz,2806
angel-digital.tumblr.com,2805
desiplaza.us,2805
povpool.com,2803
jardev.spreadshirt.com,2802
babygrande.com,2802
mushairamedia.com,2801
reikifromlourdes.com,2799
shanttv.com,2798
wethekingsmusic.com,2797
shag.bandcamp.com,2796
xing.com,2796
throtl.com,2795
pokerstars.com,2795
theatlantic.com,2795
khalsaivirasat.com,2794
mobilenews24.com,2793
scenester.tv,2793
freedominfluencer.com,2792
wishes2.com,2791
guitarcontrol.com,2790
halaplay.com,2790
lucadestefani.com,2790
yourtango.com,2789
anthonyscustoms.webs.com,2789
ethitechnutrition.com,2788
djntv.com,2788
sr4unews.com,2786
logicalharmony.net,2784
rossmanngroup.com,2784
guaranty.com,2782
sannevillefamily.dk,2782
achievementhunter.com,2782
ps360hd2.com,2781
funnyordie.tumblr.com,2781
emazinglights.com,2781
gamereactor.tv,2780
sudomemo.net,2780
the-rolling-stones.lnk.to,2779
7hnews.com,2778
multivu.com,2778
edeo.biz,2778
dicetowerwest.com,2777
ket.org,2775
moxnews.com,2775
slyfoxhound.tumblr.com,2774
fallout4.com,2773
faithforthefamily.com,2772
fah-web.stanford.edu,2771
thecrowncollege.com,2771
integritymusic.lnk.to,2771
templebaptistchurch.com,2771
baptistfriends.org,2770
laxallstars.com,2769
thatchannel.com,2769
timeanddate.com,2769
sportsgaminguniverse.spreadshirt.com,2769
busyworksbeats.com,2767
de.twitch.tv,2765
slikhaarshop.com,2765
kompakt.fm,2764
sparkfun.com,2764
simplilearn.com,2764
crimewatchdaily.com,2762
rodauthority.com,2762
kml.rocks,2761
fbeteam.com,2760
busybeavers.com,2760
northernlife.spreadshirt.com,2759
globalcpn.tv,2758
thedailypositive.com,2758
btcmeme.com,2758
drsha.com,2757
cuttingedgegamer.com,2757
sickids.bandcamp.com,2755
chevyhardcore.com,2754
forums.warframe.com,2753
halloweenhellmouth.spreadshirt.com,2753
kitco.com,2752
features.peta.org,2752
nextlevelguitar.com,2751
bluehost.com,2751
xboxclips.com,2751
sciencedaily.com,2750
on.natgeo.com,2750
raw-alignment.com,2750
sport.bt.com,2750
corvetteonline.com,2749
trucksbook.eu,2749
tappedout.net,2747
watchown.tv,2746
lovepeaceharmony.org,2745
mariemoorehoroscopes.com,2744
rollcall.com,2744
worldbeyblade.org,2743
raznitzan.lnk.to,2741
bodyspace.bodybuilding.com,2739
gamereplays.org,2739
limitbeats.com,2739
kidtimestorytime.com,2737
chapmoto.com,2737
yogafortheglobe.com,2736
ziggyd.tv,2736
crystal-edge-technology-screens.com,2735
glft.co,2735
mastitimeradio.com,2734
futuretvnetwork.com,2733
trinityhosting.it,2733
amazingwomensworld.blogspot.in,2732
thesonicshow.org,2732
jewelbeat.com,2732
foodchallenges.com,2731
mrmbb333.com,2730
flightaware.com,2730
cramgaming.com,2729
rcplondon.ac.uk,2729
shop.thearchon.net,2727
olympusbd.com,2726
ca.gtomegaracing.com,2724
struggleville.net,2723
topmass.net,2722
foodreviewuk.spreadshirt.co.uk,2722
motogeo.com,2722
blog.kungfumaintenance.com,2721
alexiuss.deviantart.com,2721
gatelymusings.blogspot.com,2721
scmp.com,2720
get.uber.com,2720
kungfumaintenance.com,2720
civilnet.am,2719
cryptosrus.com,2719
tartecosmetics.com,2719
pmsmediacreators.blogspot.in,2718
themaintenanceear.kungfumaintenance.com,2717
uploadvr.com,2716
arcade.kungfumaintenance.com,2716
vgblog.kungfumaintenance.com,2716
pmsmedia.tumblr.com,2712
shop.drberg.com,2711
ebates.ca,2711
fite.tv,2709
dayztv.com,2706
wildwoodguitars.com,2706
nzxt.co,2705
nsbpictures.com,2705
gty.org,2704
filmmusic.io,2704
aliashop.com,2703
powertv.net,2702
gamermodz.com,2701
bicycletouringpro.com,2701
tsmchannel.blogspot.com,2701
trumpetofgodministries.com,2701
mistplay.co,2698
gong.nso.edu,2697
themega64podcast.blip.tv,2696
metacritic.com,2696
the-real-jessamica92.tumblr.com,2696
cordcuttersnews.com,2694
digitalconcerthall.com,2694
pastorcharleslawson.org,2693
freesaloneducation.com,2693
easports.com,2693
mojang.com,2693
brettpapa.com,2693
mesmerismus.info,2693
davidsbeenhere.com,2691
autoguide.com,2690
phyrra.net,2690
frc-events.firstinspires.org,2688
samsung.com,2687
avshowrooms.com,2687
regenerateyourlife.org,2686
widdz.tv,2685
istebrak.com,2683
brixfitness.com,2683
partners.uber.com,2683
roughcountry.com,2683
radiojhpresents.com,2682
topfreetemplates.weebly.com,2682
joeygraceffa.tumblr.com,2680
urbanog.com,2680
thehannibaltv.com,2679
firmoo.com,2679
rechaaarge.com,2679
banggood.in,2679
awin1.com,2678
reallyslowmotion.com,2678
grizzlybeatz.com,2678
filmjalsa.com,2678
nordvpn.org,2678
curseforge.com,2677
winelibrary.com,2675
cdn.discordapp.com,2674
hospitalrecords.com,2673
thesoapfactorystore.com,2672
thefallenstate.tv,2672
melodyloops.com,2672
taffespace.wordpress.com,2670
mydramalist.com,2670
dig.ccmixter.org,2670
theclubnights.blogpspot.com,2668
steveharveytv.com,2668
c-span.org,2668
anunkindness.com,2667
howtoapproachher.com,2666
skydaz.com,2666
govtjobsguru.co.in,2666
cleartonestrings.com,2666
v103.cbslocal.com,2664
pcworld.co.uk,2664
betterhelp.com,2663
thundercatsnow.com,2660
zeroperiodproductions.com,2660
thekennelclub.org.uk,2660
plus.espn.com,2660
box.precisionstriking.com,2660
urbantv.co.ug,2659
joanntarot.com,2659
davidgbancroft.com,2658
showbizjunkies.com,2657
roguedeckbuilder.com,2657
koco.com,2657
prestonsstylez.com,2656
viwright.com,2656
readycart.com,2655
es.twitch.tv,2655
abo.yt,2652
ctfxcmerch.com,2650
discoverynews.com,2648
empireonline.com,2647
mobilefun.co.uk,2643
eurotrucksimulator2.com,2643
4shomag.com,2642
aiirsource.com,2642
prot.cl,2640
shartimusprime.net,2639
runningwarehouse.com,2639
dlytkk.co,2638
cafepress.com.au,2638
charlestrippy.tumblr.com,2638
republicbroadcastingarchives.org,2638
ibuypower.com,2637
web.archive.org,2637
jma.go.jp,2636
gamdom.com,2635
thecrochetcrowd.com,2634
rollingstone.com,2634
owenfox.org,2634
barstoolsports.com,2633
lolking.net,2633
acmilan.com,2633
www.http,2632
q-dance.com,2632
ultimateteam.co.uk,2632
jewellerymaker.com,2631
kirbyscovers.com,2629
app.contentsamurai.com,2629
kcra.com,2628
gags.justforlaughs.com,2627
channelpunjabi.ca,2627
se.com,2626
megamart.subpop.com,2626
kristakingmath.com,2625
seekershub.org,2625
spectrum-pulse.ca,2624
kottabosgames.com,2623
wordpress.com,2620
cartermatt.com,2620
ohcarolshow.blogspot.com,2619
smashboards.com,2619
hwl.dj,2618
dduknow.com,2618
m13online.com,2618
dandancecomplex.com.ua,2617
gplinks.in,2617
bettiniphoto.net,2616
radiantroseacademy.com,2616
en.heartfulness.org,2616
anastasiabeverlyhills.com,2616
blitzwinger.spreadshirt.com,2615
isleofbass.bandcamp.com,2614
cartoonnetwork.com,2614
dontstarvegame.com,2613
obsessedgarage.com,2613
andrewapplepie.bandcamp.com,2613
1kplus.com,2612
likefatherlikedaughter.webcomic.ws,2611
shapeways.com,2610
marriland.com,2610
reporterlive.com,2609
thegrio.com,2608
zacharyscotjohnson.com,2608
paradoxium.com,2608
mmini.me,2607
fiaformulae.com,2606
anjunadeep.lnk.to,2606
annielebling.com,2604
sma-tv.com,2602
tetrasales.podster.fm,2602
grimreapers.net,2601
dataless822.net,2601
starcitygames.com,2600
yuttadhammo.sirimangalo.org,2600
ctv.ca,2599
gameinformer.com,2599
bollywoodhardcore.blogspot.in,2599
delhimarkaz.com,2598
migrationology.com,2598
bladehq.com,2598
anjunabeats.lnk.to,2598
themobilegrip.com,2597
seasonofmist.tumblr.com,2596
lancasteronline.com,2595
livegujaratnews.com,2594
dubsandtires.com,2594
dualshockers.com,2594
njtvnews.org,2594
linkd.in,2593
nprharley.com,2592
sweatitout.lnk.to,2591
longshotdreams.com,2591
daddygif.com,2591
dalihdgaming.blogspot.com,2590
sazegara.com,2587
redcarpetreportv.com,2585
fusionbeads.com,2582
mvgleague.com,2582
effyeahnerdfighters.com,2581
kruapk.com,2580
cryptoyum.com,2580
trionworlds.com,2580
thatvegancouple.com,2579
kaioken0591.tumblr.com,2579
ninjakiwi.com,2578
ycvf.org,2578
xcom.com,2577
alphaclothing.co,2577
activeterium.com,2577
mydoterra.com,2577
pbs.twimg.com,2577
493672.spreadshirt.com,2576
dragonblogger.com,2576
facepaint.com,2575
drone-works.com,2575
financeandliberty.com,2574
vitacostrewards.com,2574
ikatehouse.com,2572
neutronm.bartol.udel.edu,2572
topcashback.com,2572
won.com,2572
beautybigbang.com,2571
onlinekhabar.com,2571
magcloud.com,2570
ghostlifestyle.com,2570
nintendo.co.uk,2570
ahappybirthdaysong.com,2569
tide1029.com,2568
nekoar.deviantart.com,2565
calikimgardenandhome.com,2564
sowl.co,2563
pilatesanytime.com,2563
controllermodz.co.uk,2562
bigmarktv.com,2560
geargods.net,2560
fixxxer.tv,2560
7daystodie.gamepedia.com,2560
freshersworld.com,2559
nerdenterprises.com,2558
floorball.org,2558
farming2015mods.com,2558
bereghostgames.spreadshirt.com,2557
central.tgn.tv,2557
letsplay.wikia.com,2555
writelikenooneswatching.com,2555
gaming.corsair.com,2554
fatehalisajid.com,2554
rhettandlink.tumblr.com,2553
varietymusicvn.net,2553
jaystacks.com,2552
hotnewhiphop.com,2552
pasionburrera.blogspot.com,2552
iconmeals.com,2551
elementalknives.com,2551
mmoreviews.com,2551
newsweek.com,2550
techteamgb.co.uk,2549
michaels.com,2549
astroconsultants.in,2548
neilvermillion.com,2548
islambible.blogspot.com,2547
islamintroduction.blogspot.com,2547
truthmiracles.blogspot.com,2547
quranrevelation.blogspot.com,2547
islamjudaism.blogspot.com,2547
quranmagic.blogspot.com,2547
islamandbible.blogspot.com,2547
themysticalmeadows.blogspot.com,2547
josephbailey.me,2547
islamparsi.blogspot.com,2547
atheismvsislam.blogspot.com,2547
sikhismandislam.blogspot.com,2547
buddhismislam.blogspot.com,2547
jennahparadise.blogspot.com,2547
islamjesus.blogspot.com,2547
deenspot.blogspot.com,2547
tapas.io,2546
1tv.ru,2546
agileurbia.com,2546
rode.com,2545
fixintoscratch.com,2545
cosplayconventioncenter.com,2545
tiff.net,2544
bleepinjeep.com,2544
robinmosesnailart.com,2543
itsjustcricket.co.uk,2543
wetv.com,2542
tarababcock.tv,2541
planetradiocity.com,2540
fabletics.com,2539
bios3training.com,2539
functionalpatterns.com,2539
razzi.me,2538
torguard.net,2538
old.reddit.com,2538
footagefarm.co.uk,2538
digger318.weebly.com,2535
vsco.co,2535
truthortradition.com,2534
asw.im,2531
lawrencesystems.com,2531
jimmydorecomedy.com,2531
coasterforce.com,2530
magali.co,2529
rtd.rt.com,2529
sebastienzunino.com,2529
digg.com,2529
observatoryproject.com,2528
digger318.deviantart.com,2527
jazzastudios.com,2527
ratedred.com,2527
autodoc.co.uk,2527
dieselducy.com,2526
pradeepaggarwal.com,2526
wh40k.lexicanum.com,2526
wesleyvirgin.com,2524
swedenborg.com,2524
radiotimes.com,2522
factrikz.com,2522
romwe.com,2521
cafe.daum.net,2520
scribol.com,2520
macmost.com,2520
mmos.com,2520
fifacoin.com,2520
apanbhojpurihits4u.blogspot.in,2519
adaderana.lk,2519
breakers.tv,2519
fractalaudio.com,2519
gethandles.com,2518
globalresearch.ca,2518
filmcourage.tumblr.com,2518
gonintendo.com,2517
azuritereaction.spreadshirt.com,2517
greatbigstory.com,2517
apeathletics.com,2514
barbellbrigade.com,2514
howtocookgreatcurry.com,2514
pollystore.ru,2513
billyandwillie.tripod.com,2513
defected.com,2512
ambientmusicalgenre.bandcamp.com,2511
bitsubmit.net,2511
justonegamr.com,2511
sweetnaturalliving.com,2510
windingroad.com,2510
tfatk.com,2509
app.2pgame.com,2508
motoexotica.com,2507
rainamoonastrology.com,2506
10daysofbitcoin.com,2504
pcgamesn.com,2504
on.cc.com,2502
annaed.it,2501
instagc.com,2501
fox.com,2499
retrogamingcollector.com,2491
royaltyfreemusiclibrary.com,2491
fashiontips.co,2489
digitaldungeonmaster.com,2488
hagmannreport.com,2488
cgmeetup.com,2487
atkt.in,2487
alturl.com,2487
camisetasmusicales.com,2487
howtolucid.com,2487
thedubrebellion.bigcartel.com,2486
arynews.tv,2486
heavengifts.com,2486
raptr.com,2485
popxo.com,2484
pmtonline.co.uk,2483
lesyeuxorange.com,2482
urbanoutfitters.com,2482
thespritas.com,2482
draftexpress.com,2482
ufc.com,2482
reaganlibrary.gov,2481
nick.com,2480
fullcompass.com,2479
hypb.st,2478
abc7.ws,2476
nyk0.page.link,2475
optifine.net,2475
grammy.org,2475
opticgamingbook.com,2474
rovio.com,2474
yanderedev.wordpress.com,2474
jewelrychamps.com,2474
marcom.stratfor.com,2473
allinonegamer.com,2472
thewayaway.com,2472
urlth.in,2471
8tracks.com,2471
onision.deviantart.com,2470
inmendham.com,2470
gameflyoffer.com,2470
thesims3.com,2470
culture.fool.com,2468
worldofweapon.wordpress.com,2468
partners.hostgator.com,2468
aquahydrate.com,2467
thebenjamindixonshow.com,2466
savvysexysocial.com,2465
homedepot.com,2465
csgoempire.com,2463
r2bsmokefree.org,2462
watchers.news,2461
gokarls.com,2461
toco-international.com,2461
metal-world-wide.com,2461
webtoons.com,2461
gothic-worldwide.com,2461
japantimes.co.jp,2460
korimtv.com,2459
gatewaypeople.com,2458
rockinguitarlessons.com,2458
musanim.com,2457
theroadshow.com,2457
omegamanradio.com,2456
ibakatv.com,2455
pushpay.com,2455
21frames.in,2455
lpebbles.uk,2453
ricksteves.com,2453
sbrodds.com,2452
pmindia.gov.in,2452
sbrpicks.com,2452
thegripauthority.com,2452
inttrax.com,2452
fastcap.com,2451
ratedred.tv,2451
dawahteam.com,2451
brettsnaturalhealth.com,2450
harrytv.com,2450
northeasttarot.com,2449
missworld.com,2448
airbnb.ca,2448
fandom.wikia.com,2448
katwynn47.tumblr.com,2448
jnrsnr.net.au,2447
thepetcollective.tv,2447
fs17.lt,2447
angryaussie.wordpress.com,2446
checkout51.app.link,2445
etsu.edu,2445
invismultimedia.com,2445
thesolebros.com,2445
toyworldorder.com,2444
arteza.co.uk,2444
jmink.me,2444
teamspeak.com,2442
chessbase.in,2442
themodinama.in,2442
classicgameroom.com,2441
ledger.com,2441
curbal.com,2440
stores.ebay.co.uk,2439
nirmaltv.com,2439
thedailyshed.com,2438
aquarianinsight.com,2437
englishfriendlyjapan.com,2437
twosetviolin.com,2436
beatsaver.com,2436
skankandbass.com,2435
sizzix.com,2435
boomkat.com,2432
fitr.tv,2432
catholic.org,2431
wix.com,2431
dxr.us,2431
brilliant-classics.lnk.to,2430
iuicpodcast.com,2428
hate5six.com,2428
thehorrorshowchannel.com,2427
elevatedjamtracks.bandcamp.com,2427
wildextracts.co.ke,2427
natashanothingbuttruth.blogspot.com,2426
s.beatport.com,2426
bikesandbeardsgear.com,2426
redmentvshop.com,2426
motorcycle-superstore.com,2425
twobrothersgaming.com,2424
shomusbiology.weebly.com,2424
donateyouraccount.com,2423
rawsomehealthy.com,2422
minecraftskins.com,2421
gong2.nso.edu,2421
revolttv.tumblr.com,2421
purgegamers.true.io,2421
autogefuehl.de,2421
videvo.net,2420
onemusic.ph,2420
smacktalks.org,2420
overwatchleague.com,2420
ethanwoodgates.weebly.com,2419
sl1pg8r.com,2418
nerdarchynewsletter.gr8.com,2418
fantasy.premierleague.com,2418
feeds.soundcloud.com,2418
seeker.com,2416
maxpreps.com,2416
viralpress.com,2415
bbcstudiosvoice.com,2415
gizmoservers.com,2415
jagranjosh.com,2413
faizaneraza.org,2413
bunkerbranding.com,2412
psychedelictribe.com,2412
thebassi.st,2411
pwinsider.com,2411
fortnitetracker.com,2411
arnaudkrakowka.com,2410
direwolf20.spreadshirt.com,2410
coinpuffs.com,2410
app.won.com,2410
alanwalkermusic.com,2410
leanpub.com,2409
bitbacker.io,2409
wtsp.com,2407
tanzeem.org,2407
soundbucket.us,2407
bbcamerica.com,2406
lollujo.fm,2406
eckoscraft.buycraft.net,2406
mkt.com,2405
kannada.yoyodaily.com,2404
24news.am,2404
umggaming.com,2404
misterwootube.com,2403
stylishtrends9.blogspot.in,2403
meditationrelaxclub.com,2403
store.saicopvp.com,2403
manoto1.com,2403
donationalerts.com,2402
palpalnews.in,2402
drunkfx.com,2402
nintendocomplete.com,2401
fowlershow.tumblr.com,2401
ptwc.weather.gov,2401
anime-pictures.net,2400
music.biggiantcircles.com,2400
wtfast.com,2400
gatheringofchrist.org,2400
ukf.me,2400
marvel.com,2400
ittybittyurl.com,2397
overtimeathletes.com,2397
democracynow.tumblr,2397
cnn.it,2396
leakproject.com,2395
pyramydair.com,2395
bisecthosting.com,2395
heartspots.heartfulness.org,2394
bloody-disgusting.com,2393
jcp.is,2393
m.erosnow.com,2392
dyom.gtagames.nl,2392
forum.aboutslots.com,2392
catrack.com,2392
wrestlinginc.com,2391
limelinx.com,2391
mrmutcoin.com,2390
topbuzz.com,2390
dreamforce.us,2389
beats24-7.com,2389
bolnetwork.com,2388
gateacademy.shop,2388
ascap.com,2387
azneyes.spreadshirt.com,2387
stage3motorsports.com,2387
nagaswara.co.id,2385
petard.io,2385
allaboutbirds.org,2384
sourceforge.net,2384
officialmotions.com,2383
biggerpockets.com,2383
lovelyti.com,2382
clashtournaments.gg,2381
nrsng.com,2381
link.clashofclans.com,2381
makeup.co.nz,2380
jdwitherspoon.tumblr.com,2380
flemingsultimategarage.com,2379
jdwitherspoon.com,2379
youngliving.com,2378
starcraft2.com,2377
redcon1.com,2377
articles.lancasteronline.com,2377
codecourse.com,2376
analoghype.com,2375
wcatwc.arh.noaa.gov,2375
suicidepreventionlifeline.org,2375
geonet.org.nz,2374
startupgrind.com,2373
depositphotos.com,2373
thetalko.com,2373
pitchfork.tumblr.com,2372
alexansary.tv,2372
destiny.gg,2371
4wdsupacentre.com.au,2371
mikeb.it,2370
studiotracking.envato.com,2370
deeplizard.com,2370
antipodesmap.com,2368
surlatable.com,2368
start.att.net,2368
stumpt.tv,2368
astrosyndicate.com,2367
teamog.hitpoint.tv,2367
dieselcrew.com,2367
appbounty.net,2367
wotreplays.eu,2366
tunk.ess.washington.edu,2365
lightstreamtechnology.com,2364
beatitat.com,2364
moneyincomeprofit.com,2363
armytrix.com,2363
tradingwithvenus.com,2362
rmehedi.deviantart.com,2362
panzoid.com,2362
collectiondx.com,2362
themarthablog.com,2361
usaprepares.com,2359
alleyepublishing.bandcamp.com,2356
esl-one.com,2356
lowco.live,2356
fourmilab.ch,2355
czwrestling.com,2355
dl.dropboxusercontent.com,2354
billing.purevpn.com,2353
down4soundshop.com,2353
smartclassicalpiano.com,2352
calvarychapelkaneohe.com,2352
shanedawson.spreadshirt.com,2352
etoosindia.com,2352
imagechannel.com.np,2352
moteefe.com,2351
app.twitch.tv,2351
poetplays.spreadshirt.com,2350
ta.mitchrayta.com,2349
uzermusic.com,2349
t3live.com,2349
destinythegame.com,2349
mobafire.com,2348
seatgeek.com,2348
galerikereta.com,2348
gophersvids.com,2347
noisetrade.com,2347
maschinemasters.com,2346
brighteon.com,2346
m.blogtalkradio.com,2345
whatnow.tv,2344
trdd.us,2344
htafc.com,2344
fatlossfactorbook.com,2344
thelastofwhatsleft.bandcamp.com,2343
krisannehall.com,2343
annoyingorange.com,2342
psear.co.uk,2342
getcashforapps.com,2342
freelivinggoals.com,2341
sonycreativesoftware.com,2341
rpf.io,2341
tenplay.com.au,2341
thewoddoc.com,2340
antcs.co,2340
delhi99.tv,2339
sunoven.com,2339
biggamerssmalltalk.com,2338
zoulenergy.com,2337
g8cwe.com,2336
1puglife.com,2335
cryptobobby.com,2335
alttp.challonge.com,2334
pumpyoursound.com,2334
link.dosh.cash,2334
zeldauniverse.net,2332
rvr2.tumblr.com,2332
acifinnetwork.com,2331
zerodha.com,2331
video.pbs.org,2330
thelastamericanvagabond.com,2330
bollywoodbreakfast.com,2329
bexlife.com,2328
newswire.storyful.com,2328
telltaleatheist.com,2327
lighterpack.com,2327
katytarot.com,2326
turleytalks.com,2326
riders-share.com,2326
shoutengine.com,2325
marvelousnews.com,2325
rvr-2.livejournal.com,2324
harleydavidsonoftampanewportrichey.netlook.com,2323
photos.rollcall.com,2322
cuteytcat.deviantart.com,2322
mylitv.com,2321
airbnb.co.uk,2320
skillshare.com,2319
facbook.com,2319
chargers.com,2318
15mofe.com,2318
pescience.com,2318
intellicast.com,2317
setcofficial.com,2317
timesnownews.com,2316
nenunaafb.in,2315
ptcnetwork.tv,2315
eckosoldier.fanfiber.com,2315
magix.com,2314
ygorganization.com,2314
shop.nordstrom.com,2313
giff.ly,2313
dawateislami.net,2313
taiwantoursm13.com,2313
overdrive.in,2312
theverybesttop10.com,2311
marineband.marines.mil,2310
quakewatch.net,2309
get.shopkick.com,2309
aboutus.lego.com,2309
ptcnetwork.ca,2308
x39brickcustoms.com,2308
wrestletalk.tv,2308
fearlessintuition.net,2307
voot.com,2306
zombiegoboom.com,2305
saitv.org,2305
droidcheatvideos.com,2302
1upcoin.com,2301
backstageincome.com,2301
thefrugalcrafter.wordpress.com,2301
voltlog.com,2299
notrecognized.tumblr.com,2299
irko.to,2298
minecraftrogers2001.deviantart.com,2298
londonrealacademy.com,2297
tarotwithtilly.com,2296
pcbharley.com,2296
pmpfilms.com,2295
socialcam.com,2293
astro.cafeastrology.com,2292
eriktv365.spreadshirt.com,2291
precious-testimonies.com,2291
thegrommet.com,2291
abdallahsmash026.spreadshirt.com,2291
angelicaaudio.cz,2289
spaceweathernews.com,2289
proguides.com,2288
lbn667.bandcamp.com,2287
ncdc.noaa.gov,2286
espn.zlbu.net,2286
scriptureandprophecy.com,2286
generationiron.com,2286
aquascapeinc.com,2285
lonestar1776.com,2285
t21c.com,2284
tracksplanet.com,2284
gonaturalenglish.com,2283
cheapjoes.com,2282
i.pinimg.com,2281
rhettandlink.com,2280
zaqwertminecraftmods.blogspot.com,2280
store.subitomusic.com,2279
hobismorning.tumblr.com,2279
dallasnews.com,2279
cookieswirlc.com,2279
divorcecourt.com,2278
eatnakedni.com,2277
blackstealth.spreadshirt.com,2275
formula1.com,2274
mksileicester.org,2274
blender.org,2274
richtvlive.com,2274
picarto.tv,2274
6foot4honda.com,2273
everydaygrimeuk.com,2273
tv5.espn.com,2273
dresslily.com,2272
venturiantale.spreadshirt.com,2272
downtobuck.net,2271
tennis-warehouse.com,2270
studyforcivilservices.com,2270
jeejuh.com,2269
logitech.com,2269
nstuffmusic.com,2269
ihe.art,2268
faceit.com,2268
som.lnk.to,2268
wff-international.com,2267
hudl.com,2267
ftvvod.com,2266
rustnchill.com,2266
sinvicta.bandcamp.com,2266
read.bi,2265
thedailybeast.com,2265
howtocookgreatjamaican.com,2264
diplexheated.com,2264
bff.glossier.com,2264
astroveerle.com,2263
animalplanet.com,2263
aashpazi.com,2262
flixpress.com,2262
cbhdpng.com,2262
zildjian.com,2262
pnpkhabar.com,2262
overcast.fm,2262
raznitzanmusic.com,2261
wellcureclinic.com,2261
store.stumpt.tv,2261
redfmindia.in,2261
maoistrebelnews.wordpress.com,2261
homedepot.sjv.io,2261
dsgenie.co,2260
hectorpolo.info,2259
parktool.com,2258
loudlabs.com,2258
hygoshop.com,2258
kevinbreeze.com,2257
r3dplaystation.wordpress.com,2257
enjoythedrive.com,2256
jacksepticeye.fanfiber.com,2256
powwowtimes.ca,2256
tchno.be,2256
indiabazaar.co.uk,2254
uberminecraft.com,2254
mnnthbx.com,2254
tmfli.es,2254
digitaldjtips.com,2254
luvocracy.com,2254
ssd.jpl.nasa.gov,2254
dreamcloudacademy.com,2253
epic-music-world.com,2253
fullboost.com.au,2252
jordanventurian.deviantart.com,2252
mentat.link,2251
dartsnutz.net,2251
techoftomorrow.com,2251
stampy.spreadshirt.co.uk,2251
uefa.com,2251
thomasjashwell.tumblr.com,2251
iscoolentertainment.com,2250
1win-partner.com,2250
lonnie.me,2249
dnalounge.com,2249
moonchildlove.com,2249
sj.plus,2249
bwfc.co.uk,2248
olightstore.com,2248
liketoknow.it,2248
disneymusic.co,2247
vegascreativesoftware.com,2246
urbangrindtv.com,2246
on.ft.com,2246
noblegoldinvestments.com,2245
ektoplazm.com,2245
stratfor.com,2244
intimatewisdom.net,2243
onestarguitarlessons.com,2243
50ducksinahottub.com,2243
tcelectronic.com,2243
rpghair.com,2242
multiplay.go2cloud.org,2242
robertoblake.com,2241
cat.com,2241
1kingdom.faith,2241
therawreset.com,2241
us.memebox.com,2240
shopstyle.com,2240
prolineracing.com,2239
mirandasings.com,2238
watch.basketballcl.com,2238
us.princesspolly.com,2238
shorturl.at,2237
suburbandelinquent.com,2237
l.prageru.com,2237
diginfo.tv,2236
mgrecords.in,2235
benefits.daytradingradio.com,2234
thecomicbookcast.com,2234
thrv.me,2233
myworld.ebay.com,2232
amazon.co.jp,2232
dpo.st,2232
august8th.org,2231
mailing.channel4.com,2231
hebbarskitchen.com,2230
crypto-love.com,2230
metathreads.com,2230
low.es,2228
venturiantale.spreadshirt.net,2228
charlottetilbury.com,2227
x-u-f-o.blogspot.com,2226
vintagebeef.spreadshirt.com,2226
karaandnate.com,2225
slimebeast.com,2224
sunshine-vibrations.space,2224
slashgear.com,2224
bigthink.com,2223
everydaydrinkers.com,2223
advancedhoustonchiropractor.com,2222
badboymembership.com,2221
kenraggio.com,2221
blog.myvideomedia.com,2221
howtocookgreatethiopian.com,2220
perfectoys.gr,2218
cbs.com,2218
rurikhan.com,2218
app.getcargo.today,2218
eckoxsoldier.com,2218
thedeenshow.com,2217
videezy.com,2217
mmorpg.com,2216
alltrapnation.com,2216
dotacinema.spreadshirt.com,2216
fzrphotography.com,2215
sgz.app.link,2214
therichest.com,2214
gamersheroes.com,2214
goodgame.ru,2214
inkedgaming.com,2214
thisis50.com,2213
orchidnature.com,2213
laurahamesfranklin.com,2213
animecentrul.bandcamp.com,2212
crimsonguitars.com,2212
thecgbros.tumblr.com,2211
thicinemas.com,2211
strengthcampinternational.com,2210
tribune.com.pk,2208
maniaxoi.deviantart.com,2208
rapidteria.com,2208
books.simonandschuster.com,2207
iskconbangalore.org,2207
lordminion777.fanfiber.com,2206
army.forces.gc.ca,2206
capotastomusic.com,2206
thescalemodeler.com,2206
store.dji.com,2206
remo.com,2206
get.noblegoldinvestments.com,2205
blogs.channel4.com,2204
alanhorvath.com,2204
starcinema.com.ph,2204
equip.org,2204
lorerunner.com,2204
armwrestling.lv,2204
discovervictory.com,2204
crazydogtshirts.com,2203
advocare.com,2203
marienmoorehoroscope.blogspot.com,2203
nascar.com,2203
tormental.com,2203
charlycheer.com,2203
zakuaurelius.blogspot.com,2201
japancodesupply.com,2201
cricketworld.com,2201
aws.amazon.com,2201
mdfm.co,2200
grapevinelogic.com,2199
offcamera.com,2198
eater.com,2198
latinum.org.uk,2197
licensed.storyful.com,2197
slam.nl,2196
david-palmer.com,2196
robert-hickman.com,2195
fatalgrips.tictail.com,2195
ibtimes.co.uk,2195
usagichan.com,2195
offtheball.com,2195
animenewsnetwork.com,2195
tsx1.com,2194
mbcradio.tv,2193
stamedia.com.my,2192
grouvee.com,2192
skyestorme.spreadshirt.com,2191
vurbmoto.com,2191
skyestorme.spreadshirt.co.uk,2191
warriorsoulagoge.com,2190
modelmayhem.com,2189
leehayward.com,2189
ironseagull.com,2189
koreaboo.com,2189
audiomachine.com,2188
coastalscents.com,2188
finishline.com,2187
facebook.cstation.net,2187
pwc.to,2187
fcha.nl,2186
thestylestage.com,2186
krown-trading.teachable.com,2186
liveinspiredclothing.com,2186
hullcitytigers.com,2185
b2wshop.com,2185
historicfilms.com,2185
tmrw.lnk.to,2185
vlb.la,2185
capitalfm.com,2185
digbmx.com,2184
digitaltipjar.com,2184
salsamalsa.com,2183
nuggetsnews.com.au,2183
shawnsmoak.com,2182
sonotekharyana.blogspot.in,2182
mindfulattraction.org,2181
affiliate.geekbuying.com,2181
cambridgehouse.com,2180
future.com.lb,2179
maximumandroid.net,2179
wordoflifeworldoutreach.org,2179
newscientist.com,2179
ewn.co.za,2178
tapastic.com,2178
gamesprout.co.uk,2178
thesketchupessentials.com,2178
isher.tv,2178
shop.ballervisions.com,2177
hirezstudios.com,2177
sheknows.com,2177
video.carsforsale.com,2176
bolt.niceservers.com,2176
player.lutontown.co.uk,2175
rexresearch.com,2175
coasttocoastam.com,2174
mrrebates.com,2174
laughfactory.com,2174
flitetest.com,2173
miwhip.com,2173
iscrapapp.com,2173
scibhajan.com,2172
artsideoflife.com,2172
ichess.net,2171
slate.com,2171
subscribe.graser10.com,2170
killthejigger.org,2170
bollywoodkibaten.in,2170
vidiq.com,2170
esa.int,2170
freestockmusic.com,2170
dreamhack.se,2169
thelacrossenetwork.com,2169
newsg24.com,2168
sachnews.co.in,2168
whitewithstyle.com,2168
kcrw.com,2168
ccgcastle.com,2167
hint.fm,2167
urgo.co,2166
simplyswim.com,2166
youcaring.com,2165
hair101withapril.com,2165
paleycenter.org,2164
christmercyland.org,2164
streamcraft.com,2164
roland.com,2163
attheraces.com,2163
lby.co,2163
booredatwork.com,2163
spaceweather.com,2163
revolutionbeauty.com,2163
flrmethod.com,2162
cleancutcouponing.com,2162
go90.com,2162
thelongwar.net,2162
alazhartouba.com,2161
shop.epictv.com,2161
breakbeat.co.uk,2161
shmee150.com,2160
techfieldday.com,2160
scantr.ax,2159
newsmaxtv.com,2159
bellator.com,2159
sugarbombed.com,2159
jefflangedvd.com,2158
thejessachannel.com,2158
woodwatches.com,2158
experiment27.com,2156
groupon.com,2156
nextgen-auto.com,2156
superfasternews.com,2155
marketplace.xbox.com,2155
pootles.co.uk,2154
hectanoogapatterns.blogspot.ca,2154
kontor.lnk.to,2154
biz20.biz,2153
brit.co,2152
shop.usa.canon.com,2151
zedd.me,2150
workoutdvdworld.com.au,2149
nogutsnogalaxy.net,2149
sensusfidelium.us,2148
bwone.com,2148
incomptech.com,2148
erclassics.nl,2148
supercell.helpshift.com,2147
themeetinghouse.com,2146
sharechat.com,2145
tmz.com,2145
scdkey.com,2145
visacoach.com,2144
webmd.com,2143
theunitedstand.com,2143
catalystmints.com,2143
gamesdonequick.com,2142
ninwr.com,2142
machinemuscle.com,2141
carbyr.uk,2140
erclassics.de,2139
unisportstore.com,2139
prod2file.ru,2139
twit.to,2138
motorbeam.com,2138
todacusa.com,2138
erclassics.fr,2136
exit.sc,2136
wetv.tumblr.com,2135
foodreviewuk.com,2134
btechguru.com,2134
disney.tumblr.com,2134
bg3.funformobile.com,2133
avermedia.com,2133
lauderdaleradio.com,2133
chewjitsu.net,2132
goodtimes.ndtv.com,2132
vertagear.com,2132
spirithalloween.com,2131
videosoftdev.com,2131
themusicbed.com,2131
zollotech.com,2131
spydertechnician.com,2130
zeroperiod.spreadshirt.com,2130
gamerbraves.com,2130
iswa.ccmc.gsfc.nasa.gov,2129
pcmag.com,2129
angrybirds.com,2128
charityvance.net,2128
newtonairlines.blogspot.com.au,2127
keystothekingdomofheaven.com,2127
thnxcya.spreadshirt.co.uk,2126
thegamersjoint.spreadshirt.com,2126
slimkirby.net,2126
royalchange.fit,2126
mocpages.com,2125
genesis-mining.com,2125
lwf.org,2125
federalpremium.com,2125
codingtutorials360.com,2124
passenger.lnk.to,2124
macghriogair.com,2124
joyusgarden.com,2123
swashin.tv,2123
taniagabrielle.com,2123
doctorcrankyslabratory.com,2121
s.designcuts.com,2121
cyberlink.com,2121
simonsaysstamp.com,2120
ridetime.ca,2120
hectanoogapatterns.blogspot.com,2120
therewiredsoul.com,2120
gabeflowers.com,2118
miamiherald.com,2118
trumpcoin2020.com,2118
adtreferral.com,2118
danielally.com,2117
got.by,2117
miraiclinical.com,2117
fightful.com,2117
gamestop.com,2117
teamfourstar.com,2117
sweetpatch.tv,2116
majorleaguegaming.com,2115
radiopublic.com,2115
kotdtv.com,2115
elevateyourself.org,2115
snubie.com,2115
willzyyy.com,2114
mapleleaflearning.com,2114
nwseaplanes.com,2114
factsverse.com,2113
quistorama.com,2112
sbnation.com,2111
thecanadianpress.com,2111
lplive.net,2111
whistle.video,2110
utrsportsmedia.com,2110
amazon.es,2110
kylecease.com,2109
cryptohwwallet.com,2109
istockphoto.com,2108
thnxcya.spreadshirt.com,2108
smilebright.info,2108
jamaicacottageshop.com,2108
handheldplayers.com,2107
euroshop.wwe.com,2107
nickiswift.com,2107
humster3d.com,2106
jesuscalls.org,2106
geico.com,2105
authenticgame.com,2105
chrispirillo.tumblr.com,2105
talentrecap.com,2105
vlive.tv,2105
aescripts.com,2105
pro-playgames.com,2104
texasgaltreasures.com,2104
jellystore.com,2103
mayafienn.es,2103
deytips.com,2103
bomaniitservices.com,2103
strawpoll.com,2103
bn-games.com,2102
kayakbassfishing.com,2102
kcm.org,2102
weisslife.com,2101
dacru.be,2101
xo.fff.me,2100
binstoybin.spreadshirt.com,2100
zedmusics.com,2098
mmogratis.com,2098
denisdaily.com,2098
wallpaperswide.com,2097
tripadvisor.com,2097
playnow.tm,2096
veritas.org,2096
supercrosssuperstore.com,2095
coinmarketcap.com,2095
juegaenred.com,2095
splitreason.com,2094
ncpgambling.org,2094
toxotea.com,2094
tbparts.com,2094
sdi.edu,2093
discovery.com,2093
reasons.org,2093
gamingbolt.com,2093
bmac.link,2093
cynthiabeaumont.blogspot.com,2093
justuselinux.com,2093
thevapingmilitia.org,2093
freemmorpglist.com,2092
mmopeople.com,2092
nyxcosmetics.com,2092
crackberry.com,2091
fullyraw.com,2091
prophethacker.com,2091
integrativemysticism.com,2090
rlyoshi.tumblr.com,2090
rawpacrawpa.co.uk,2090
worldcurling.org,2090
motogp.com,2089
mmoginfo.com,2089
christianpearl.eu,2088
tradelikeagenius.com,2088
browsergamelist.com,2088
invol.co,2087
mp32u.net,2087
imdb.to,2087
play.eslgaming.com,2087
juegosdenavegador.com,2086
flowerstv.in,2086
reddesertviolin.com,2086
essentialtennis.com,2085
speakpipe.com,2085
ringsidenews.com,2084
soulwarriortarot.com,2084
alexa.design,2084
windsorstore.com,2084
superbestfriendsplay.com,2083
twentyfournews.com,2083
dicasty1.deviantart.com,2083
4-8forums.forumotion.com,2083
news.abs-cbn.com,2082
bluedesigns.com,2082
silk-music.com,2082
jtyt.li,2082
interstitials.onelink.me,2081
ibuildit.ca,2080
healthyplace.com,2079
myfroggystuff.blogspot.com,2079
birmingham.ac.uk,2079
paladins.com,2077
stmpd.co,2077
wwe-champions.guide,2076
bandpautosales.com,2076
beyondthesummit.tv,2073
dominicandoobiesbyadwoa.com,2072
thehealthblaze.com,2072
viralstyle.com,2072
articles.mercola.com,2072
en.miui.com,2071
tinyletter.com,2071
breaker.audio,2071
micheleknight.co.uk,2071
crensloth.com,2069
justplanes.com,2068
theupcoming.co.uk,2068
kleientertainment.com,2068
payskip.me,2068
hbctv.net,2068
fifacoinszone.com,2067
afl.to,2067
streamable.com,2067
readyuplive.com,2066
disunplugged.com,2066
xgames.com,2066
mmoden.com,2066
l.facebook.com,2065
ttscraps.stampinup.net,2065
helicopterground.com,2064
progressivearmy.com,2064
bezeugentractclub.org,2064
gurukpo.com,2063
naironkr.deviantart.com,2063
glaad.org,2063
pitfullofshit.blogspot.com,2062
apolloniaponti.com,2062
farmaid.org,2061
adsrsounds.com,2061
traxtorm.com,2061
geekayvapes.com,2060
entryeticket.com,2060
gunnars.com,2060
ironhawk50.com,2059
gcnlive.com,2059
cbr.com,2059
polecat324.com,2058
cnet.app.link,2057
urielfirelyte5.com,2056
fragrancex.com,2056
vibekreyols.com,2056
pianoclubhouse.com,2056
glitterplanetuk.com,2055
1kingdom.me,2054
cinemasickness.com,2054
choptones.com,2053
timesofcinema.com,2052
vidres@aol.com,2052
deals.lockergnome.com,2052
hitchfit.com,2052
eveonline.com,2052
afreecatv.com,2052
thegummybear.com,2051
simplyearth.com,2051
goengineer.com,2051
dailyzodiac.info,2051
djmag.com,2050
live.yourgibs.com,2050
shortyawards.com,2050
gopowersports.com,2050
myelesson.org,2049
phlearn.com,2049
trapcity.net,2048
ifood.tv,2048
lvhomeexperts.com,2048
databricks.com,2047
nthefastlane.com,2047
headlinestv.in,2047
wheres-it.net,2047
kentamplinvocalacademy.com,2046
moregems.com,2046
thrivelife.com,2045
mwave.com.au,2045
de-de.facebook.com,2045
mathtutordvd.com,2045
shop101.com,2044
monstercat.lnk.to,2044
stangtv.com,2044
digitaltwigs.com,2044
invisiblepeople.tv,2044
shopee.ph,2043
battleoftheyear.de,2043
obeyalliance.com,2043
fantasysmacktalk.com,2042
lolaanddoe.com,2042
j-autoshow.com,2041
jkyog.org,2041
open.edu,2041
jumpoff.tv,2040
select.yt,2040
fruitionmusicstore.net,2040
msclvr.co,2039
cryptogrinders.com,2039
thecomeup.bigcartel.com,2038
researchgate.net,2038
catholic.com,2038
reviveskateboards.com,2037
ittf.com,2037
wunderground.com,2036
shop.theaudl.com,2036
kocowa.onelink.me,2036
amainhobbies.com,2036
gamehouse.com,2035
bettyskitchen.us,2035
offleashk9training.com,2035
squintyt4e.livejournal.com,2035
gaminrealm.com,2035
gtamissions.com,2034
ineedspiritualguidance.com,2034
nabba.co.uk,2034
automationdirect.com,2034
lindaisrael.com,2034
adoptyourcity.com,2033
drop.space,2032
wrd.cm,2032
health.com,2031
neurotech.bandcamp.com,2030
social.vanderbilt.edu,2029
rlyoshi.spreadshirt.com,2028
amcmovietalk.libsyn.com,2028
caffeine.tv,2028
eaglenews.ph,2027
musclemadness.co,2025
jpcycles.com,2025
ishellreal.com,2024
shopfbe.com,2022
effenovanta.altervista.com,2022
ancestry.com,2021
realistikkvideos-realistikk.blogspot.com,2021
bluetablestore.com,2020
japansociety.org,2020
templeinstitute.org,2020
britannica.com,2020
fruityslots.com,2020
tirexihd.wix.com,2019
allinone3199.blogspot.com,2018
psychetruthpatrons.com,2018
headlineswithavoice.com,2017
virendrarathore.in,2017
sacconejolys.co.uk,2017
somewhatawesomefilms.com,2017
superiortracks.net,2017
danpena.co.uk,2016
lowkotv.com,2016
shop.watchmojo.com,2015
waitrose.com,2015
dailytennislesson.com,2014
gamersbench.com,2014
windingroadracing.com,2014
randomchievos.com,2013
vine.com,2013
t10original.in,2013
classicalguitarshed.com,2013
mobileprayerunit.com,2013
tinashehair.com,2012
g-portal.com,2011
it.pinterest.com,2011
pintrest.com,2011
audacityteam.org,2011
dollskill.com,2010
difran.co,2010
dvestore.com,2010
zeitgists.com,2009
psychicknight.com,2009
edx.org,2009
olympicchannel.com,2009
dubstepunk.uk,2009
uk.linkedin.com,2008
movieboxonline.co.uk,2007
thermoworks.com,2007
electrek.co,2007
thesalonguy.com,2006
rawlifehealthshow.com,2006
9minecraft.net,2006
sacbee.com,2006
gdlk.ca,2005
justkiddingfilms.net,2005
subblime.com,2005
olight.idevaffiliate.com,2005
chicago-fire.com,2004
carnegiecouncil.org,2004
kyu-tracks.com,2003
festivaldecannesofficiel.tumblr.com,2003
chats.viber.com,2003
howtocookgreatfood.com,2002
vogue.com,2002
iisuperwomanii.tumblr.com,2001
eartheracademy.com,2000
thesneakeraddict.com,2000
captaincapitalism.blogspot.com,2000
mauryshow.com,1999
metalinjection.net,1999
sneakerwatch.com,1999
rawpixel.com,1999
nodecraft.com,1999
lucario-strike.deviantart.com,1999
jlptalk.com,1999
nubiannewz.net,1998
smilesciences.com,1997
ecomog.bandcamp.com,1997
bkbn.net,1996
mojotv.com,1996
awesemo.com,1996
tocapartituras.org,1996
the-dodo.tumblr.com,1996
stuccoplastering.com,1996
coconutsciencelab.com,1996
store.pixelfilmstudios.com,1995
marijanpiano.com,1995
bobwilson123.org,1994
thecarconnection.com,1994
v4news.com,1994
guru.bafta.org,1993
gokusupremo15.deviantart.com,1993
bigcatrescue.org,1992
crypto.chartguys.com,1992
phoneplan.info,1992
gsmarena.com,1992
whatthehealthfilm.com,1991
chictopia.com,1991
wotreplays.com,1991
webtechn.com,1991
changelly.com,1990
revealedrecordings.com,1990
ventunotech.com,1989
europeantour.com,1989
viciuslab.com,1988
unraveltravel.eu,1988
noi.org,1988
redringtones.com,1987
oplata.info,1986
guitarnick.com,1986
aia.ag,1986
mcleanamy.co.uk,1985
fanaticsview.com,1985
vanguardmotorsales.com,1985
events.genndi.com,1985
needgod.com,1984
courtsidefilms.com,1984
tigernet.com,1984
nlgtcg.com,1984
reaction.cam,1984
domomusicgroup.com,1984
rateyourmusic.com,1983
savewithbruce.com,1982
coolicool.com,1982
dalexis-school.thinkific.com,1982
vfnkb.com,1982
bayareabuggs.com,1982
rsd.gsfc.nasa.gov,1982
team-blacksheep.com,1982
p110store.bigcartel.com,1981
themerkle.com,1981
getglammedup.co,1981
summitracing.com,1980
swanseacity.net,1980
store.ar12gaming.com,1980
guude.live,1979
gardenfork.tv,1979
topvelocity.net,1979
swrnc.com,1978
re-logic.bandcamp.com,1977
potterybarn.com,1977
bom.to,1977
woltersworld.com,1977
tvland.com,1976
ppsimmons.blogspot.com,1976
unspeakable.co,1976
live.pirillo.com,1975
mta-tv.de,1975
in5d.com,1975
nibirufacts.tr.gg,1974
ucrtoday.ucr.edu,1974
defencexp.com,1973
broughy.com,1973
muddybody.com,1973
atgtickets.com,1972
entertainment.abs,1972
easykaraoke.com,1972
frenchiestamps.com,1971
cardkingdom.com,1971
sandyallnock.com,1971
hauppauge.co.uk,1971
rapalje.com,1971
factorioforums.com,1971
smartphoneconversations.com,1970
emusic.com,1970
sortedfood.com,1969
catalystathletics.com,1967
s.sir.com,1967
brianjohnson.me,1967
diy3dtech.com,1967
alldesigncreative.com,1966
bpkg.nz,1966
glossybox.com,1966
dropthebassline.com,1966
a.ll.st,1965
smoothchords.com,1963
tasty.co,1963
feelunique.com,1962
talongungrips.com,1962
fieldsportschannel.tv,1962
jsano19.com,1962
theironseagull.tumblr.com,1962
shop.pbastrology.com,1961
disneychannel.com,1961
besttechinfo.com,1961
anabolicaliens.com,1960
uploaded.net,1960
egs.edu,1960
app.soundstripe.com,1959
thunderbolts.info,1958
icewarehouse.com,1958
bbr.ec,1958
banglavision.tv,1958
nerdcaliber.com,1958
mobilegeeks.com,1958
cuffsnlashes.com,1957
seannal.com,1956
freepd.com,1956
onone.buzz,1956
greenroomuniversity.com,1955
likenepal.com,1955
markplays.net,1955
swissinfo.ch,1955
well.org,1955
liquipedia.net,1954
splyce.gg,1954
mazzakoonline.com,1954
playstationlifestyle.net,1954
zanews.co.za,1954
anneckhart.com,1953
yourguitaracademy.com,1952
onlinepianist.com,1952
feenixcollection.com,1952
1shirt.com,1952
askthebuilder.com,1951
philips.com,1951
alphabrush.com,1951
totheculture.com,1951
starwarshq.com,1950
bustedknuckle.com,1949
gangacassette.com,1949
www2.stampinup.com,1947
native-instruments.com,1947
frequency.lnk.to,1947
wish.com,1947
bookznc.com,1946
footballboots.co.uk,1946
gwf-wrestling.com,1945
celebsecrets4u.com,1945
thestudiostar.tumblr.com,1945
studiostarcompany.blogspot.in,1945
runningraw.com,1945
hype.lnk.to,1945
dtm.com,1944
gravezmusic@gmail.com,1944
gravezbeats.com,1944
groups.google.com,1944
alamomusic.com,1943
dragonage.nexusmods.com,1943
boxofgimmicks.com,1943
prodigymarketingonline.com,1943
t.fabfitfun.com,1942
moonrisecottagesoultarot.com,1942
freeschaeffercox.com,1941
templates.introchamp.com,1941
vpro.nl,1941
download.bestfiends.com,1941
eatyourkimchi.com,1941
thecuriouslife.xyz,1941
tacdaddy.com,1941
offroadxtreme.com,1941
ark.gamepedia.com,1941
illbehonest.com,1940
learningenglish.voanews.com,1940
ewinracing.eu,1939
mazzakotv.com,1939
slamworldwide.net,1938
unindoctrinate.storenvy.com,1938
stfonline.org,1938
ti.com,1937
daverubin.com,1936
engvid.com,1936
slamworldwide.bigcartel.com,1936
guitarmastery.net,1936
linkedthreads.com,1936
limitbeats.tv,1935
ultrachentv.com,1935
chalkcouture.com,1935
apprenticeeh.tumblr.com,1935
artistcouture.com,1935
swolenormous.com,1935
hypixel.net,1935
allbaymusic.com,1935
pxlme.me,1934
musiciswin.com,1933
smashgaming999.spreadshirt.co.uk,1933
howtechs.com,1933
shaw.ca,1933
ccn.com,1932
sammydress.com,1932
community.tm,1931
rafflecopter.com,1930
lifehacker.com,1930
hearthpwn.com,1930
partnersinrhyme.com,1930
s3.amazonaws.com,1929
pwnitwear.com,1929
nintendomination.de,1929
airsoftmegastore.com,1929
worldoftrucks.com,1928
stardewvalley.net,1928
trello.com,1927
gadgets360.com,1927
printmotor.com,1927
ifoundjim.com,1926
choies.com,1926
bible.com,1926
sonotekvideo.antil,1926
thenextweb.com,1925
lowes.com,1924
fruitioncommunity.org,1924
cinecom.net,1923
boattest.com,1923
danielscranton.com,1923
dell.com,1923
tvtropes.org,1922
exampurmock.com,1921
playoverwatch.com,1921
trailsoffroad.com,1921
app.hellothematic.com,1921
shop.comedyshortsgamer.com,1920
justkiddingfilms.tumblr.com,1920
opticsplanet.com,1919
wnrcl.me,1919
smitegame.com,1919
scientificamerican.com,1918
1ink.info,1918
jumpinthepack.com,1918
amazingwomensworld.com,1917
yokkao.com,1917
thecomeup.com,1917
sott.net,1917
iloveqatar.net,1917
mocomi.com,1916
timcast.com,1916
myatp.com,1916
catherinepooler.com,1915
choppedproject.com,1915
tictail.com,1915
acolorfuljourney.com,1914
robhasawebsite.com,1914
shophush.com,1913
kimdaoblog.com,1913
exercisesforinjuries.com,1913
retrowaretv.com,1912
blog.venturiantale.com,1912
spinninrecords.lnk.to,1912
gameboygeek.com,1911
maddecent.com,1911
scamxposed.com,1911
nissanusa.com,1911
dickblick.com,1910
carprousa.com,1910
adorama.evyy.net,1910
tspr.ng,1910
adigitalblogger.com,1909
bcfc.com,1909
vapinginsider.com,1909
thisisclassicalguitar.com,1909
moddingofisaac.com,1908
watchmanreports.com,1908
streetlegaltv.com,1907
waves.com,1907
atlus.com,1907
lavendaire.com,1907
thehviii.com,1906
id-id.facebook.com,1906
catmusic.ro,1906
jenniferwalkerzen.com,1906
variety.com,1906
ruowen.com,1906
cabelas.com,1905
bbo.yt,1905
learncheme.com,1904
luxyhair.com,1904
bull18.com,1904
lightwerkz.net,1903
mirillis.com,1903
hitlerrantsparodies.wikia.com,1902
fegelbook.com,1902
hmongtv.com,1902
easy-languages.org,1901
guntalk.com,1901
rpgshow.com,1899
onmanorama.com,1899
steinberg.net,1899
sculpturedepot.net,1899
space.bilibili.com,1898
ibsf.org,1898
atominik.com,1897
battlefield.com,1897
theurbanfarmer.co,1896
turtlewax.com,1896
t.bowl.com,1895
mypatriotsupply.com,1895
iltv.tv,1895
4sq.com,1895
hangerproject.com,1895
carposbotanicals.com,1895
avid.com,1894
higherselfportal.com,1894
easyallies.tumblr.com,1893
discjockeynews.com,1893
eso.org,1893
cosmopolitan.com,1893
replaymod.com,1892
cartoonnetworkindia.com,1892
routenote.com,1892
hashflare.io,1892
clutchfans.net,1892
myaudiograb.com,1891
hickok45.com,1891
thinkgeek.com,1891
antranik.org,1890
shaunattwood.com,1890
kottonzoo.com,1890
thecoolestintheworld.tumblr.com,1890
collegehumor.tumblr.com,1889
band.us,1888
rustypot.com,1888
kaysha.com,1888
d-lowbeats.net,1888
nfscars.net,1888
cleverprogrammer.io,1887
eargasmic.me,1887
byjus.com,1887
armagazine.com,1887
openforum.com,1886
smartgamepiano.com,1886
42kgaming.com,1885
thesims.com,1885
investigationdiscovery.com,1884
acixs.com,1883
myfroggyboy.blogspot.com,1883
idicbeer.co.uk,1883
cnbcafrica.com,1883
gummybearshop.com,1882
generosity.com,1882
autism-live.com,1882
klim.com,1881
ultralightflyer.com,1881
bcg.coupons.com,1881
zonexentertain.at.ua,1881
shoorayner.com,1881
birp.fm,1881
myetimes.com,1881
shop.spreadshirt.ie,1881
donotgod.com,1880
help.ea.com,1879
developers.google.com,1879
newsqube.in,1879
jjthetutor.com,1879
addictiontreatments101.com,1879
bloodyelbow.com,1878
savagejerky.com,1878
theproteinchef.co,1877
msgnetworks.com,1877
pabkuv.com,1877
vlrtrain.com,1877
hmongcorp.com,1876
blamethecontroller.spreadshirt.com,1876
t.cfjump.com,1876
rebecca-louise.com,1876
jackiecinemas.com,1876
wildbrain.com,1876
grb.sonoma.edu,1875
radiohmong.com,1875
hmongbusinessdirectory.com,1875
ipvanish.com,1874
lwrfitness.com,1874
alaskagranny.com,1874
bptracks.com,1874
godoverme.com,1874
shop.technicalguruji.in,1873
kaahon.com,1873
whufc.com,1873
promods.net,1873
3fvape.com,1872
tlm.li,1872
ovrt.me,1872
ericbeaty.com,1872
jmnt.me,1871
lonseidman.com,1870
orangemagazine.ph,1870
qmap.pub,1870
easysheetmusic.altervista.org,1870
2kgam.es,1869
redacted.tv,1869
boogieplays.com,1869
monicagupta.info,1869
sirennet.com,1868
kbsworld.kbs.co.kr,1868
magic.tcgplayer.com,1868
fangamer.com,1868
roposo.com,1868
reinelexmusic.link,1868
nhunderground.com,1868
kotd.tv,1868
asot.es,1867
1bestcsharp.blogspot.com,1867
psychologytoday.com,1867
linkdeli.com,1866
nomadcapitalist.com,1866
theloop.ca,1866
zaranyzerak.tumblr.com,1865
tvtrade.ie,1865
danlok.com,1864
609creditrepair.com,1864
dieselarmy.com,1864
discoveringnatural.com,1863
patriotflashlight.com,1863
cracked.com,1863
petelive.tv,1862
player.epidemicsound.com),1862
luv-takdin.com,1862
asaforlife.com,1861
houzz.com,1861
wheelwell.com,1861
nhastrologer.com,1860
bchillzspreadshirts.spreadshirt.com,1860
yugioh.wikia.com,1860
survivetheforest.com,1860
bareperformancenutrition.com,1859
essentialworship.lnk.to,1859
eltonjohn.lnk.to,1859
camldp.org,1859
bundlestars.com,1858
forum.audiob.us,1858
cookwithfaiza.net,1858
sankakugames.com,1857
orcd.co,1856
cartoonnetwork.com.au,1856
rain-apparel.com,1856
denaspainreliefstore.com,1856
stratfor.libsyn.com,1856
comedyshortsgamer.com,1856
fcpeuro.com,1855
beamly.com,1854
tempostorm.com,1854
apoia.se,1852
kotdstore.com,1852
littlefox.com,1852
ghanamusic.com,1851
altcoinbuzz.io,1851
fragrantica.com,1850
go.corsair.com,1850
mosalingua.com,1849
proko.com,1849
discchord.com,1848
theartsherpa.com,1847
traegergrills.com,1847
telemundo.com,1846
butterflyreflectionsink.3dcartstores.com,1846
maddenmastermind.com,1846
kelkarhospital.in,1845
mini-mango.com,1845
palmsounds.net,1845
leecamp.net,1844
apptronica.us,1844
cdchoice.net,1843
bit.tube,1843
creativelive.com,1843
atvtube.net,1843
toolstop.co.uk,1843
slamonline.com,1843
blackpanthaa.com,1843
metallica.com,1842
androidcentral.com,1842
flii.by,1841
vintagemagic.com,1841
nitsan.co.uk,1841
jackiesekar.com,1840
luigikid.spreadshirt.com,1840
dl.flipkart.com,1839
neffex.com,1839
primalvideo.com,1839
player.dancetrippin.tv,1838
danielwellington.com,1838
bdisgusting.com,1838
cev.lu,1838
marlybird.com,1837
budk.com,1837
acewhips.net,1837
maymaymadeit.com,1837
sputniknews.com,1837
sec.gov,1837
boomerangtv.co.uk,1837
rolandsmartin.com,1837
froggystuff.etsy.com,1837
raiders.com,1837
greatmagazines.co.uk,1836
geek.com,1836
budovideos.com,1836
grapplersquest.com,1835
dro.ps,1834
shroprock.co.uk,1834
nitrate.carbonmade.com,1834
zoom.us,1834
romanatwood.com,1833
wazzup.ph,1832
adj.com,1832
keepproductive.com,1832
themeredithstore.ca,1832
mxtpz.me,1832
monsterjam.com,1832
microbinge.com,1831
awakeningforreality.com,1830
funforlouis.tumblr.com,1829
google.co.uk,1829
pages.email.goldderby.com,1828
phon.es,1828
ideamusiclounge.com,1828
freedomslips.com,1828
mturbogamer.com,1827
jbtvonline.tumblr.com,1827
ytb.li,1827
r.sloyalty.com,1827
davidcryer.uk,1826
speedtest.net,1826
ballistol.com,1825
cafepress.co.uk,1825
ogxrayz.spreadshirt.com,1825
cryptopia.co.nz,1825
ukip.org,1825
pinterst.com,1825
birdtricksstore.com,1825
stewmac.com,1825
anook.com,1825
shaved.by,1824
nishamadhulika.com,1824
worldwidevintageautos.com,1823
msmpokegamer.com,1823
lsxtv.com,1823
natashanews18.blogspot.com,1823
punishedprops.com,1823
cuon.io,1822
wondergirlastrology.com,1822
nosey.com,1822
wexnermedical.osu.edu,1821
popinabox.co.uk,1821
civilization.com,1821
streetleague.com,1820
megaupload.com,1820
furretturret.com,1820
prairiepaperandink.typepad.com,1820
davidicke.com,1820
rawtropicalliving.com,1819
wisn.com,1819
zakuaurelius.storenvy.com,1819
winxclub.com,1819
viewsonic.com,1818
1d4chan.org,1818
reel.tv,1817
sr4ulaces.com,1817
bbcthree.tumblr.com,1816
blog.feedspot.com,1816
usawatchdog.com,1816
ahmadiyya.de,1816
100doorsescapewalkthrough.com,1815
beautifullyborrowed.com,1815
steves-kitchen.com,1815
cbt.gg,1815
worldofhardstyleuploadz.spreadshirt.net,1815
shopify.com,1814
shop.howtechs.com,1814
pvgna.com,1814
asheshq.com,1814
thepokecapital.com,1813
4playerpodcast.com,1813
follower.gg,1813
bhakthitv.in,1813
geberit.com,1813
divatress.com,1813
channelnewsasia.com,1812
drivetribe.com,1812
droidmodderx.com,1812
gdforum.freeforums.net,1811
gotocon.com,1811
theblast.com,1811
xtoxictears.tumblr.com,1811
shopee.co.id,1810
autocar.co.uk,1810
kinocheck.de,1810
rei.com,1809
getphysicalmusic.com,1808
cdkmedia.webs.com,1808
wikihow.com,1807
ktorino.com,1807
submit.cstation.net,1807
hm.com,1807
sketchfab.com,1807
atlanti.cr,1806
dreamsaroundtheworld.com,1806
raidcall.com,1806
razer.com,1806
carerescuetexas.com,1806
gamblersadvisory.com,1805
jamieoliver.com,1805
mahanagar24x7.com,1805
playthegame.co,1805
rat.ag,1804
rujay.co.uk,1804
playark.com,1804
bladeops.com,1804
he-man.org,1803
gaga.lk,1803
tlks.pt,1803
candycrushsodasagatips.com,1802
sanskarapp.com,1802
livegrappling.com,1802
spiritualguidanceacademy.com,1802
mamanatural.com,1802
vegetablepolice.bandcamp.com,1801
paradoxinteractive.pxf.io,1801
ldr.fm,1801
iosmusicandyou.com,1801
amusementforce.com,1801
playthegame.spreadshirt.co.uk,1801
statuscoup.com,1800
konachan.com,1800
syrex.link,1800
robsoulrecordings.com,1799
techradar.com,1799
cstation.deviantart.com,1799
igyaan.in,1798
instagram.labellemusique.co,1798
craftsy.me,1798
trpofindianserials.blogspot.com,1797
esnooker.pl,1797
cineworld.com,1797
oxford-union.org,1796
mkgk.co,1796
lushusa.com,1795
erickimphotography.com,1795
nick.co.uk,1795
archery.tv,1795
birocratic.bandcamp.com,1795
autoportal.com,1794
skillshare.eqcm.net,1794
claytano.com,1794
thegameanswers.blogspot.com,1793
derricklaudesign.com,1793
dotaboyz.com,1793
jciv.iidj.net,1793
reddit.cstation.net,1793
bcdtech.in,1792
cmtv.news,1792
phandroid.com,1792
bikebandit.com,1792
darkskyradio.com,1791
nanomusic.net,1791
seanxlong.com,1791
bjwok.com,1791
lazerzz.bandcamp.com,1791
libertypen.com,1791
glitchhopcommunity.com,1790
dcasler.com,1790
channel44store.com,1790
streamdecker.com,1790
feitv.org,1789
magneticreversal.org,1789
mormon.org,1789
thepeoplesperson.com,1789
speed-zone.pl,1789
ikyg.com,1789
todayifoundout.com,1788
tv1.lk,1788
esl.gg,1788
merch.yourgibs.com,1787
themeparkreview.com,1787
tips.yourgibs.com,1787
foxnewsinsider.com,1786
netbooknews.com,1786
jimthepilot.com,1786
janasenaparty.org,1785
assassinscreed.com,1785
dottotech.com,1785
talesoflumin.com,1785
mayoclinic.org,1785
theweathernetwork.com,1783
ww4.aitsafe.com,1783
tinykittens.com,1783
techinsider.io,1783
stylekorean.com,1783
rythian.tumblr.com,1782
wesg.starladder.com,1782
fomlsc.com,1782
shwv.co,1782
wranglermart.com,1781
androidfilehost.com,1781
news.nationalgeographic.com,1781
admiralmarkets.com,1781
reikibybella.com,1781
mayocl.in,1780
worldsnooker.com,1780
ethony.com,1780
contranetwork.it,1780
starkalakaar.com,1780
mornetwork.com,1779
worldrugby.org,1779
slrlounge.com,1779
ohtacaro.net,1779
backofficeshow.com,1779
hmongfamilytraveller.com,1778
discountjuicers.com,1778
twinchallenge.com,1778
genome.gov,1778
monstercatco-lab.bandcamp.com,1778
justinjohnsonlive.com,1777
pak.horse,1777
consumerreports.org,1777
toffeetvefc.com,1777
m7amazon.com,1776
net25tv.tumblr.com,1776
ebuyer.com,1776
thesmackdownhotel.com,1776
shineon-media.com,1776
vogue.tumblr.com,1776
monkeysee.com,1776
on.cfl.ca,1775
qualitysilverbullion.com,1775
ballervisions.com,1775
playbattlegrounds.com,1775
tntdrama.com,1775
modernmom4life.blogspot.com,1775
nnvl.noaa.gov,1775
weirddarkness.com,1775
simpledailyrecipes.com,1775
pianonest.com),1774
nerdblock.com,1774
tobumusic.com,1774
plantriotic.com,1774
mmobyte.tv,1774
unitedhope4animals.org,1774
crowdcrux.com,1773
bbcinternational.org,1773
conorandbrittany.com,1772
formadisseny.com,1772
darrenlacroix.com,1772
hopel.es,1771
modernmom1life.blogspot.com,1771
elithecomputerguy.com,1771
mesmerism.info,1771
mahdrybread.com,1769
dongiovannirecords.com,1769
worshiptutorials.com,1769
kbb.com,1769
fivb.com,1769
clk.press,1769
donate.cstation.net,1768
skywavesstudio.com,1768
astore.amazon.co.uk,1768
officialfender.tumblr.com,1768
theleoking.com,1767
smogon.com,1767
madmimi.com,1767
ovidiupatrascu.ro,1767
cco.us,1766
beno.org.uk,1766
zibbet.com,1766
tracyhensel.com,1765
purgegamers.com,1765
steambuy.com,1765
beautybay.com,1765
prosettings.net,1765
queenbeeing.com,1763
elegantthemes.com,1763
frontrowliveent.com,1762
velourlashes.com,1761
dostibook.com,1761
music.wynk.in,1760
factory.sikana.tv,1760
citruslane.com,1760
easysteps.jimdo.com,1760
rickytheandroidguy.com,1759
intellipaat.com,1759
bajancanadian.spreadshirt.com,1759
newyorker.com,1758
worldarchery.org,1758
whatcar.com,1758
fox13news.com,1757
wnd.com,1757
imperiumduelist.com,1757
phys.org,1757
onlinelibrary.wiley.com,1756
mndogtraining.com,1756
aetherhub.com,1756
thejollyfatelf.stampinup.net,1755
dynmk.co,1755
fcbarcelona.com,1755
nycnextlevel.com),1754
mruniversity.com,1753
creeperhost.net,1753
twitter.jamespulse.com,1752
back2warcraft.com,1752
anniehelpsyou.com,1752
discord.jamespulse.com,1752
sta.sh,1752
theintercept.com,1751
arcade.omlet.me,1750
swimmingpoollearning.com,1749
zybaktv.spreadshirt.com,1749
teamvvv.com,1749
russosbrand.com,1748
ukipmeps.org,1748
missguided.co.uk,1748
pinkbike.com,1748
moviepilot.com,1748
yarnutopia.com,1747
oneplus.com,1747
bryancasella.com,1747
groundingcamp.com,1747
myfirstwig.com,1747
meladorascreations.com,1746
gamester81.com,1746
mcgam.es,1746
sub101.link,1746
7news.com.au,1746
2uo7rax.bandcamp.com,1745
extrememusic.com,1744
hiphopun.com,1744
slimebeast.spreadshirt.com,1744
crochetgeek.com,1743
bsarchive.com,1743
thehauntingofsunshinegirl.com,1743
republicbroadcasting.org,1743
gamebattles.majorleaguegaming.com,1743
408565.spreadshirt.com,1743
inandoutcinema.com,1742
thirtyvirus.com,1742
homedit.com,1741
multimedia.telesurtv.net,1741
frontiers.it,1741
tarotpredictions.net,1741
rockler.com,1740
swimswam.com),1739
clck.ru,1739
oddshot.tv,1738
globalrecords.com,1737
bestpianoclass.ontraport.com,1737
elementgames.co.uk,1737
newsfirstlive.com,1737
digitalomproductions.in,1737
binance.je,1736
tricountylocksmithservice.com,1736
normansrareguitars.com,1736
pzk-forum.de,1736
tvpot.daum.net,1736
cricketstoreonline.com,1736
thelifecoachschool.com,1735
youravon.com,1735
gamiss.com,1735
animelab.com,1735
outsidetv.com,1735
shop.zoomin.tv,1735
legalisevaping.com.au,1734
firemansam.com,1734
sonsoflibertyacademy.com,1734
unrealengine.com,1733
hub.olympic.org,1733
silvershieldguide.com,1733
ipadloops.com,1733
folcbd.com,1733
projectcoe.com,1732
netpicks.com,1732
crystalwash.com,1732
697745.spreadshirt.co.uk,1731
shadowrockzx.spreadshirt.com,1731
tsemrinpoche.com,1731
phonicarecords.com,1731
spectremedia.ca,1731
u.muxy.io,1730
utm.io,1729
zbrushcentral.com,1729
muzu.tv,1729
myarchicad.com,1728
procalibervancouver.com,1728
portfolio52.com,1728
wrestlecrate.co.uk,1728
latv.com,1727
bestflashlightschoices.blogspot.ca,1727
publicdomainpictures.net,1727
iloveherart.com,1727
joakimkarud.com,1726
yogscast.spreadshirt.co.uk,1726
bereghostgames.net,1726
vanitymc.co,1726
nikkiphillippi.com,1726
apexonlineracing.com,1725
powerslide.com,1725
cell.com,1725
thesportsman.com,1724
themexicanrunner.com,1724
nodqforums.com,1724
huff.to,1724
lc.cx,1723
matterhackers.com,1723
en.uptodown.com,1723
grooveaddict.org,1723
alikamenova.com,1723
alsa.org,1722
nationearth.com,1722
autocarindia.com,1721
dbzwarrior17.com,1721
shop.spreadshirt.nl,1721
pitchinbox.com,1721
the7wg.com,1721
glowroad.com,1720
listen.tidal.com,1720
comixology.com,1720
clive5art.co.uk,1720
gran-turismo.com,1720
db.tt,1720
conservativetribune.com,1719
funkytime.tv,1719
pcaxe.com,1719
loymachedo.com,1719
ppsimmons.com,1719
pushbullet.com,1719
rfa.org,1719
anupamrm.com,1719
audiograb.com,1718
smvod.com,1718
go.tonyevans.org,1718
protatomonster.com,1718
armyrecognition.com,1717
flippingphysics.com,1717
telescope.com,1716
basicsofsikhi.com,1716
ronaldjenkees.com,1716
ukbumpkeys.com,1715
learnfz.com,1715
rachybop.tumblr.com,1715
thenextgamer.com,1715
searspartsdirect.com,1715
reasonio.wordpress.com,1715
thebloodshedbrothers.com,1714
prismgaminguk.com,1713
bethblog.com,1713
befrugal.com,1713
jeanwiley.com,1713
designerjen26.blogspot.com,1712
iwant.ph,1712
pointlessblogtv.tumblr.com,1712
synthanatomy.com,1712
radiationnetwork.com,1712
mbcplus.com,1712
luxiebeauty.com,1712
mutstore.com,1711
openairoutreach.com,1711
video.chaparral-racing.com,1711
blitzsportsnetwork.com,1711
mmanytt.se,1710
gdu.io,1710
djenggophotography.blogspot.com,1710
phet.colorado.edu,1710
djenggoproductions.blogspot.com,1710
kaitect.com,1710
toffeetv.net,1709
bibliotecapleyades.net,1709
vapingswag.com,1709
theawesomearchfiend.com,1709
echoboom.tv,1709
tvequals.com,1709
bigfamilyhomestead.com,1709
cookinglight.com,1708
wondershare.net,1708
milliondollartan.com,1707
krazyisland.thinkific.com,1707
sideonedummy.com,1707
newsnetwork.mayoclinic.org,1707
megagwolf.tumblr.com,1706
gpscity.ca,1706
superatv.com,1706
mcph.info,1706
kenya-news-alerts.com,1706
redpulse.go2cloud.org,1706
thewitcher.com,1705
hamstercentral.com,1705
toneitup.com,1704
bongobd.com,1704
numestyle.com,1704
spillitboy.com,1704
mikey.black,1704
calebcurry.com,1703
shukuenshinobi.com,1703
marykay.com,1703
acast.com,1703
elliotthulse.co,1703
pocoyo.com,1702
icna.org,1702
dx.doi.org,1702
ke0og.net,1701
samajayakya.in,1701
newslaundry.com,1700
stream.lnk.to,1700
howmuchyabench.net,1700
smashgaming.co.uk,1700
pcworld.com,1699
ceogaming.org,1699
twitch.jamespulse.com,1699
shell.com,1699
pythongb.com,1699
bethanyfrye.deviantart.com,1699
shop.generikb.com,1698
mby.com,1698
soundlyawake.tumblr.com,1698
myvideogamesworld.com,1698
thathashtagshow.com,1697
arkservers.net,1697
prageru.com,1697
shopdap.com,1697
dvdj.com,1696
marymediatrix.com,1696
sheinside.com,1696
projectzomboid.com,1695
citycolorcosmetics.com,1694
ticket-compare.com,1694
theknow.tv,1693
saintsfc.co.uk,1693
leonelunatarot.com,1693
shop.lisarobertson.com,1692
ipodkingcarter.com,1690
wickedshrapnel.spreadshirt.com,1689
briteccomputers.co.uk,1689
digikey.com,1688
mrc.fm,1688
umtof.umd.edu,1688
frithgar.com,1688
tesla.com,1688
examgurooji.in,1688
wholelattelove.com,1688
mikemalloy.com,1687
eurovisionary.com,1687
esea.net,1687
trophygamers.com,1687
pimpmysetup.com,1686
sermonaudio.com,1686
trittonaudio.com,1686
hangouts.google.com,1685
nitrous-networks.com,1685
scout.com,1684
themorganreport.com,1684
brassmonkeighapps.com,1683
pvzheroes.com,1683
andertons.co.uk,1683
bigbst4tz2.spreadshirt.com,1683
mediaunlocked.net,1682
jamirayvintage.com,1682
people.ign.com,1682
bigbst4tz2-shop.spreadshirt.net,1682
gearwebsites.com,1681
gamegrumps.com,1681
houseflippingguide.com,1681
teachingmensfashion.com,1681
worshiptheking.com,1681
s.wilton.com,1680
conversationswithmaria.com,1680
mlg.com,1680
sciencewriter.net,1680
natgeokids.com,1680
promo-cloud.com,1680
overthetoptcg.com,1679
tariqgiftcentre.com,1679
youalwayswin.net,1679
thewire.in,1679
yugatech.com,1679
higherselfherbs.com,1678
lachri.com,1678
maddecent.fm,1678
sabfit.com,1678
songsfromtheshed.com,1678
simons.berkeley.edu,1677
e-periwinkle.in,1677
au.linkedin.com,1677
cbcyt.com,1677
elements.envato.com,1677
askkeyshabass.com,1677
boingvert.com,1676
lehren.tv,1676
jenniferleclaire.org,1676
jwlmedia.com,1676
indiefilmhustle.com,1676
academyart.edu,1676
powwows.com,1676
kyleandcourt.com,1675
lrnews.ch,1675
leanin.org,1675
majjakoonline.com,1675
wildearth.tv,1675
f52.co,1675
kitsune.lnk.to,1675
hopstarot.com,1675
androidpolice.com,1674
andauth.co,1674
pokernews.com,1673
tog.chat,1673
tonton.com.my,1673
noisey.com,1673
surfline.com,1672
samschuerman.com,1672
support.theguardian.com,1672
brickwow.com,1671
imaginegreen.org,1671
uslax.in,1671
services.runescape.com,1671
futuremoneytrends.com,1671
kilplix.blogspot.com,1670
darknessprevails.org,1670
madrix.com,1669
gutfoxx.com,1669
angelajulius74.tumblr.com,1669
airsoftology.com,1669
gosh.org,1669
atrafana.com,1669
hisessions.com,1669
remnantofgod.org,1669
homelessgoomba.deviantart.com,1668
cierrafrye.deviantart.com,1668
kinobody.com,1667
sbs.com.au,1666
secure.savethechildren.org.uk,1666
mercytelevision.org,1666
dream-sound.com,1666
sl1pg8r.spreadshirt.com,1665
punjabilivetv.com,1665
officialsportingicons.com,1665
emipakistan.com,1665
xeroshoes.com,1665
gpscity.com,1665
vinjavideo.com,1664
geoengineeringwatch.org,1664
katieasnyder.com,1663
wordpress.org,1663
m.autodoc.co.uk,1663
crunchyroll.tumblr.com,1662
papers.sarkariexam.com,1662
aaronmarino.com,1662
bnnpeople.com,1662
betsy-v.com,1661
michaelwaddle.bandcamp.com,1661
puromotor.com,1661
jtcguitar.com,1660
thisgirlcan.co.uk,1660
dalis-top-games.gamesrepublic.com,1660
softballcrew.com,1659
trash-gang.com,1659
otakumode.com,1659
ncbookz.blogspot.com,1659
shop.ccs.com,1659
labedzki-art.com,1657
flite.firstwall.com,1657
noiseymusic.tumblr.com,1657
republicworld.com,1657
w92baj.spreadshirt.co.uk,1657
fr-fr.facebook.com,1657
kryon.com,1657
shop.markisaco.com,1657
hitfilm.com,1656
petitbiscu.it,1656
rockbottomcoins.com,1656
bikashatv.com,1656
wow.joystiq.com,1656
secure.itgetsbetter.org,1656
thestaffcanteen.com,1656
thisishowwebingham.com,1656
1milliondance.com,1655
brownellsvideos.com,1655
playerzpot.com,1655
thunderskill.com,1654
howtoautomotive.com,1654
forums.taleworlds.com,1654
lazada.com.ph,1654
seventeen.com,1654
motionmile.com,1654
marcoparet.com,1653
xxlmag.com,1653
whoisloymachedo.com,1653
lncnmo.co,1653
droningon.co,1653
www2.hm.com,1652
submissionradio.com,1652
how-fixit.com,1651
treestuff.com,1651
gameplayhq.com,1651
cstation.net,1650
w92baj.spreadshirt.com,1650
justonedime.com,1650
nvidia.com,1649
berkonl.in,1649
finalbosses.com,1649
xgam.es,1649
crossout.net,1649
rnbsinginglessons.com,1648
prepixstudio.com,1648
rowanjparker.com,1647
survivalschool.us,1647
brutalsim.tumblr.com,1647
peanutbuttergamer.tumblr.com,1646
fool.com,1646
wembleystadium.com,1645
pldaniels.com,1645
us.msi.com,1644
classiccarbuyingsecrets.com,1644
salon.com,1644
pod.com.bd,1644
sumerianrecords.com,1644
toproforugames.spreadshirt.com,1643
tombaileymusic.com,1643
atelston.com,1643
wiki.totalwar.com,1642
timesofindia.indiatimes.com,1642
thebestsauces.com,1642
discovery.ca,1641
electrovoice.com,1640
hypnotizd.com,1640
archieluxury.com,1640
mariusmutin.book.fr,1640
tripast.link,1639
mudjug.com,1639
worldareggae.com,1639
lootcrate.7eer.net,1639
crossfit.com),1639
caravantomidnight.com,1638
soar.gg,1638
kongregate.com,1638
ebay.com.au,1637
tsabd.com,1637
tirexi.hu,1637
woodbywright.com,1636
artists.spotify.com,1635
gunmart.net,1635
vpfashion.com,1635
designsbyifr.com,1635
jefftuts.co,1634
mythical.com,1634
dci.org,1634
makeupbydyna.com,1634
virtualsheetmusic.com,1633
join-adf.ly,1633
osn.com,1632
horoscope-ace.com,1632
disney.com,1632
dbfiechter.bandcamp.com,1632
vidio.com,1632
trevschan2.tumblr.com,1632
globallegacyboxing.com,1631
theunlockr.com,1631
auntietay.com,1631
howtocoogreatfood.com,1631
captl1.co,1631
freshtunes.com,1630
madzgamer.tumblr.com,1630
theloyalist.com,1629
rathskellers.com,1629
ghanshyamtech.com,1629
kraftmusic.com,1629
hoonigan.com,1629
mindcrack.tv,1629
hurricanezone.net,1629
finance.yahoo.com,1628
dawnsstampingthoughts.net,1628
teachersadda.co.in,1628
account.paragon.yt,1628
planetpunkmusic.com,1628
reason.com,1628
lonniedos.com,1628
encounterroleplay.com,1628
reaganfoundation.org,1627
antvenom.spreadshirt.com,1627
registerednursern.com,1627
gtaguidesita.altervista.org,1627
weatheroffice.gc.ca,1627
drummerworld.com,1626
cablechannels.abs-cbn.com,1626
makeuseof.com,1626
maccosmetics.co.uk,1626
scrumdiddlyumptious.com,1626
pixelboom.it,1626
ushe.biz,1625
nanowrimo.org,1625
aaronedgardrum.com,1624
purelivingforlife.com,1623
rcvperformance.com,1623
billburr.com,1623
boohoo.com,1623
android.radiogbd.com,1623
tutor2u.net,1623
shadowverse.com,1623
healinghandsclinic.co.in,1622
ojaankiasacademy.com,1622
americanpridebook.com,1622
anjunadeep.com,1622
link-to.net,1621
hnhh.co,1621
2leftthumbs.com,1621
sanfranfanad.wordpress.com,1621
dennis-tschirner.jimdo.com,1620
coregamewear.com,1620
nichesiteproject.com,1620
topreviewworld.com,1620
hallyuback.com,1620
elfcosmetics.com,1619
arcadiatelevision.com,1619
go.vcreators.co,1619
i.ytimg.com,1619
westhamfantv.ekkiekki.com,1619
preciouskin.com,1619
trevschan2.blogspot.ca,1618
luckyferals.com,1618
gamechops.com,1618
seedingup.de,1618
tbnrfrags.spreadshirt.com,1617
bookbox.com,1617
dollastic.com,1617
myphilippinedreams.com,1616
watchgrappling.com,1616
mrrevillz.bigcartel.com,1616
mods.squirrel.tv,1616
homebuildingandrepairs.com,1615
babynamezone.net,1615
feedblitz.com,1615
elementgaming.com,1614
vhaonline.usc.edu,1614
dbz.space,1614
pok.polimi.it,1613
parvati-records.com,1613
model-space.com,1613
christianbook.com,1613
schneider-electric.com,1613
thrunite.com,1613
eurosport.com,1612
metatunes.my,1612
milmila.com,1612
livingmiraclescenter.org,1611
beautybroadcast.net,1611
dancedhut.com,1611
fxstreet.com,1611
fsoe.lnk.to,1609
sivanandabahamas.org,1609
ditrianum.org,1609
carmenamara.com,1609
eaglebroadcasting.net,1608
vickieverlie.com,1608
comicisland.org,1608
wmdchiptune.bandcamp.com,1608
goim.in,1608
zonenonlygaming.spreadshirt.co.uk,1607
covergirl.com,1607
latostadora.com,1607
autokinisimag.gr,1607
behold-munro.tumblr.com,1607
supercrossonline.com,1607
denverpost.com,1607
createsomethingfabulous.com,1606
popsugar.tv,1606
dojrp.com,1605
vicemag.tumblr.com,1605
didgeridoobreath.com,1605
va.lnk.to,1605
432thedrop.com,1605
fulltimefba.com,1604
sunaulonepal.com,1603
bukalapak.com,1603
shekinah.fm,1602
donate.thearchon.net,1602
yourguitarworkshop.com,1602
gaminghd.ro,1602
shop.lego.com,1602
drawittoo.com,1601
notify.me,1601
elitemarketingpro.com,1601
goldenglobes.com,1600
astrojar.com,1600
paulmcguire.us,1600
poolmandave.blogspot.com,1600
naio-nails.co.uk,1600
brentwoodbenson.com,1600
gak.co.uk,1600
slmissglambeauty.com,1600
spikeybits.com,1600
music.amazon.in,1599
appstore.com,1598
littlethings.us,1598
waysandhow.com,1598
mmorog.com,1597
runforcoverrecords.com,1597
hardwithstyle.nl,1597
sirimangalo.org,1597
ss1.us,1597
hypetvjam.com,1597
viator.com,1597
makestar.co,1597
w11.zetaboards.com,1596
hnentertainment.co,1596
meta-seven.com,1596
usmilitaryvideos.net,1596
trib.al,1596
n4gtv.com,1596
urbanbodyjewelry.com,1595
vloggerdome.com,1595
pokercoaching.com,1595
dside.com.ua,1595
hyunsdojo.com,1595
competitivecontroller.com,1594
archive.nextanimationstudio.com,1594
shop.multipick.com,1594
thedoityourselfworld.com,1594
x.ea.com,1593
hugenerd.net,1593
jmdmusicfilms.blogspot.com,1593
aleeaspreciouslife.com,1593
30daysinger.com,1592
mypaperpumpkin.com,1592
import2race.com,1592
jassrecords.com,1592
nubounsom.com,1592
bein.onelink.me,1592
linkev.com,1591
woodcraft.com,1591
girbeagly.spreadshirt.com,1591
anatomictherapy.org,1591
ticker.tv,1591
djeventplanner.com,1591
artifexcreation.com,1590
webinar.warriortrading.com,1590
videocreators.com,1590
bajiparveentips.blogspot.com,1590
dereinfo.4th.in,1590
milliontrends.com,1590
relapse.com,1590
beenigmacream.com,1590
inshanedesigns.com,1589
andreeapetcu.com,1589
girbeagly.tumblr.com,1589
india-forums.com,1589
fannatics.gr,1588
progressivesoccertraining.com,1588
ebay.ca,1587
biggiantcircles.com,1587
jomw.link,1587
mancity.com,1587
bestappsforkids.org,1587
mecca.com.au,1587
essentialtennis.youinkit.com,1587
foodchallengestore.com,1587
theconsciousresistance.com,1587
obamawhitehouse.archives.gov,1586
calcur.tech,1586
wideasfcuk.com,1586
gadgetdiary.com,1586
loveyourrv.com,1585
hatventures.net,1585
apo.lnk.to,1585
mysn.co.uk,1585
chicklitplus.com,1584
markofthebeast666.com,1584
knoxne.ws,1584
screenjunkies.com,1584
alphabetagamer.com,1584
alecshea.com,1584
lessjunkmorejourney.com,1584
lccsongs.com,1583
skateboarding.transworld.net,1583
latoyaforever.com,1583
wired2.fish,1583
psu.com,1583
futurism.com,1582
bereghostgames.munchpak.com,1582
faithtabernacle.org.ng,1582
edwardspoonhands.tumblr.com,1581
spiritualguidancefromnecole.simplybook.me,1581
180movie.com,1581
lock-lab.com,1581
channelfrederatornetwork.com,1580
t2m.io,1579
paradisegalleries.com,1579
lockpickworld.com,1579
whitehouse.gov,1579
edel.kr,1577
danznewz.spreadshirt.com,1577
playstarbound.com,1577
rog.asus.com,1577
endtime.com,1577
money.yandex.ru,1576
aaronsaywhat.spreadshirt.com,1576
thewateringmouth.com,1576
kidsfirst.org,1576
monstertransmission.com,1575
soundcity.tv,1575
armadamusictop100.lnk.to,1575
thinkcomputers.org,1574
de.socialclub.rockstargames.com,1573
ifunny.co,1573
regional.pinkvilla.com,1573
atheistrepublic.com,1573
anitafuentes.com,1572
muathe.com,1572
kiloo.com,1572
cavemantraining.com,1572
indiafoodnetwork.in,1572
merchaddict.com,1572
panavise.com,1572
pheed.com,1572
ptzoptics.com,1571
fdaregs.info,1571
fkh161.ca,1571
prophecyclub.com,1571
screech-owls.blogspot.com,1570
pchelp4beginners.com,1570
rabodirectpro12.com,1570
prestigecommunity.weebly.com,1570
blog.us.playstation.com,1570
lorenz.com,1570
mytvbd.tv,1570
afreeca.com,1570
missoulaautoauction.com,1569
instantwin.phonedog.com,1569
thriftthick.blogspot.com,1569
nailhur.com,1568
uaptsd.org,1568
rachelsenglish.com,1568
alcasthq.com,1568
immigrationbiz.com,1568
siege.gg,1568
biyanicolleges.org,1568
behindthegloves.com,1567
antonellibaseball.com,1567
gnrcentral.com,1567
lenonhonor.com,1566
cloranhastings.com,1566
go.basketballcl.com,1566
utcointraders.com,1566
victoryrecords.com,1566
naxos.com,1566
getimba.com,1565
festival-cannes.com,1565
bing.com,1565
blueapron.com,1565
uxnrecords.com,1565
reliablerxpharmacy.com,1565
myprotein.com,1564
cuse.com,1564
blackboxmycar.com,1564
killersites.com,1563
mtbfish.com,1563
cpry.net,1563
nascompares.com,1563
step.sg,1562
madmoney.cnbc.com,1562
frogpants.com,1562
play.raaga.com,1562
lutontown.co.uk,1562
josetrujilloart.com,1561
yardback.com,1561
codinginflow.com,1561
toysrus.com,1561
dgemuetlichen.com,1560
r2c2h2.com,1560
app.shopkick.com,1560
bandainamcoent.eu,1560
priceplow.com,1560
gogi.in,1559
phillyd.tv,1559
qz.com,1559
miramax.com,1559
grsk.co,1558
macphersoncrafts.com,1558
toontrack.com,1558
lunarsight.com,1558
jewelersontime.com,1558
picmonkey.com,1557
modellkran.de,1557
sutraentertainment.com,1557
beyondhorizons.eu,1557
vyou.com,1557
mrrayhonda.tumblr.com,1557
thepetesantillishow.com,1556
pcper.com,1556
dosmrider.wordpress.com,1556
dailylook.com,1556
himalichanneldarjeeling.in,1556
kitcomm.com,1556
cinemassacre.com,1556
bowl.com,1556
urbandecay.com,1556
thediamondminecartuk.spreadshirt.co.uk,1555
thediamondminecart.spreadshirt.com,1555
thediamondminecart.spreadshirt.net,1555
festival-cannes.fr,1555
books.themoneygps.com,1555
normalboots.com,1555
thedukemitchell.uk,1554
foolsgoldrecs.tumblr.com,1554
trackstarz.com,1553
theskorys.com,1553
ul.to,1553
link.nbcnews.com,1552
telusko.com,1552
simonleachpottery.com,1552
drops-register.ubi.com,1552
traderschoice.net,1551
nomadicsamuel.com,1551
authorhouse.com,1551
weartesters.com,1551
sxsw.com,1550
thewrap.com,1550
rev.com,1550
gov.uk,1550
xurbansimsx.spreadshirt.com,1550
dimarzio.com,1549
zazzy.co,1549
www.youtube.com,1549
lasvegasnevadadui.com,1549
deenislam.com,1548
umbrellaent.com.au,1548
games-workshop.com,1548
subto.me,1547
tdwsport.com,1547
pinkvilla.com,1547
worldofvegan.com,1547
banglavisiononline.blogspot.com,1547
kpopp.spreadshirt.com,1546
elitedaily.com,1546
popsci.com,1546
owl.li,1546
epa.gov,1545
nathanwratislaw.com,1545
gaglionestrength.com,1545
newsdirect.nextanimation.com.tw,1544
allears.net,1544
etinspires.com,1544
fdrpodcasts.com,1544
lag.tv,1544
dl.videoohot.com,1544
bigshotmodz.com,1544
evilcontrollers.com,1543
tundrabeats.com,1543
punchwood.com,1542
worldofmods.com,1542
munkypop.com,1542
bluedrake42.com,1542
behindthecurvefilm.com,1542
alchestbreach.spreadshirt.com,1541
go.cwseed.com,1541
thefreylife.com,1540
simsvip.com,1540
goodymusicdownload.com,1540
lifeprint.com,1540
starwars.com,1540
wiki.securityweekly.com,1540
ojcastrology.com,1539
libertywriters.com,1539
ihiphopdistribution.com,1539
streamup.com,1539
asotradio.lnk.to,1539
pianodaddy.com,1538
totalgymdirect.com,1538
streamingthemagic.com,1538
live.monstercat.com,1538
impressionsvanity.com,1538
lisalisad1.com,1538
leaptrade.com,1538
socialpost.news,1538
babygizmo.com,1537
u-turnusa.com,1537
coins.fussbot.io,1537
luvinstampin.com,1537
fullscreen.net,1537
artsupplies.co.uk,1537
hookedonpickin.com,1537
itscandyland.com,1536
dhyanpeetham.org,1536
to.jetpens.com,1536
1gn.in,1536
unknownworlds.com,1535
armadadownloads.com,1535
nerdfighteria.info,1535
akadewear.com,1535
disneyinfinitycodes.com,1535
tcd.ie,1535
mobilereviews-eh.ca,1535
claas.com,1535
gideons.org,1535
fxnmedia.com,1534
adamthewoo.spreadshirt.com,1534
squiiddish.spreadshirt.com,1534
simplyquinoa.com,1534
scaleabout.com,1533
stonehot316.deviantart.com,1533
bjjfanatics.com,1532
powertosing.com,1532
sampleind.com,1532
thesilverforum.com,1532
st.com,1532
mrafrodeep.altervista.org,1531
barrylewis.net,1530
windowscentral.com,1530
jal.bz,1529
joecroninshow.net,1529
rarlab.com,1529
scratch.mit.edu,1529
adayinthelifeofalemon.blogspot.com,1528
m5board.com,1528
zeldadungeon.net,1528
venturebeat.com,1528
bigman.ro,1528
teamusa.org,1527
pushedtoinsanity.com,1527
diberitain.com,1527
1stphorm.com,1527
app.appsgeyser.com,1526
belloflostsouls.net,1526
sp00nerism.spreadshirt.net,1526
sp00nerism.spreadshirt.com,1526
pokemonevolutionaries.com,1525
youtubetechguy.com,1525
mod-network.com,1525
fitlife.tv,1524
carbohydrom.net,1524
l4dmaps.com,1524
pawesometv.com,1524
bassmusicianmagazine.com,1524
dancehalljamaica.info,1524
emtalks.co.uk,1524
myfreedomsmokes.com,1523
tune.pk,1523
schecterguitars.com,1523
bigb.fanfiber.com,1523
pursuegod.org,1523
qualitymobilevideo.com,1523
bcslots.com,1522
ketosavage.com,1522
declandp.info,1522
mercola.com,1522
blacktree.tv,1521
tbprice.com,1521
gregglestv.com,1521
oke.io,1521
wo.ws,1521
ktnnews.com,1521
chasereiner.com,1520
frontrowfeatures.com,1520
cruisetipstv.com,1520
enzeefx.com,1520
greengridiron.com,1520
kinggeorge.tv,1520
rescue-tube.com,1519
omegasam7890.deviantart.com,1519
anthonyblogan.com,1519
fmderana.lk,1519
redpillphilosophy.com,1518
foodfood.com,1518
beyondtheweak.com,1518
rageon.com,1517
paypal.me.com,1517
sirupmusic.com,1517
maremismallart.com,1517
smashcast.tv,1517
the850club.com,1516
campfireguitarstar.com,1516
thesmithplays.spreadshirt.com,1516
forums.playcontestofchampions.com,1516
kjaggers.com,1516
tallahasseeharley.com,1516
miramax.tumblr.com,1515
delish.com,1515
coupontom.com,1515
sheetmusicplus.com,1515
allindiandjsclub.in,1515
dwyervip.com,1514
pocketfilms.in,1514
techreviewsandhelp.com,1514
game-versus.net,1514
strangesounds.org,1514
wattflyer.com,1514
jamplay.com,1514
vk.cc,1513
drmcdougall.com,1513
blast-away.co.uk,1513
morphinlegacy.com,1513
referme.to,1513
thirtyvirus.spreadshirt.com,1513
superdacob.wix.com,1512
killervideostore.com,1512
dl.acm.org,1512
trishapaytas.spreadshirt.com,1512
anjunabeats.com,1512
not2shabbyshop.com,1512
nerdcaliber.tumblr.com,1511
jio.com,1511
spreesy.com,1511
dreambound.storenvy.com,1511
streamczw.com,1511
ibsen.pro,1510
turo.com,1510
bowlroll.net,1510
beyourselfmusic.com,1510
rcuvideos.com,1510
thedroneu.com,1510
ernststolz.com,1510
fishingboatproceeds.tumblr.com,1510
fiddlingwithmywhistle.co.uk,1510
blitsy.com,1510
celebrityradio.co.uk,1509
tzeros.co,1509
bluebanana.com,1509
lnkh.co,1509
ticketmaster.com,1508
worldoftanks.eu,1508
syncmymusic.com,1508
growingdeer.tv,1507
bible.is,1507
letsmasterenglish.com,1506
tomwoods.com,1506
powernationtv.com,1506
flapjackstudios.com,1506
cinemasickness.spreadshirt.com,1505
iikonn.com,1504
neilcoopers.com,1504
jhfi.sh,1504
avclub.com,1504
awesomedrinks.com,1504
player.fm,1503
dirtyworkz.lnk.to,1502
nicsgames.com,1502
patreon.jamespulse.com,1502
tierzerogames.com,1501
justinsproductreviews.blogspot.com,1501
summersoundsmusic.com,1501
store.jtsstrength.com,1501
sonarsystems.co.uk,1501
mythictyrant.com,1501
nl.pinterest.com,1501
cricinfobd.com,1500
famous-smoke.7eer.net,1500
app.radio.com,1500
floridajustice.com,1500
therealtruthabouthealth.com,1499
frameratemerch.com,1499
gqindia.com,1499
iohk.io,1499
homemademuscle.com,1498
dougwoodsandcolinpowell.bandcamp.com,1498
appledrains.com,1497
kinoyoga.com,1497
platform.gawkbox.com,1497
farmingsimulator19mods.com,1497
heatworld.com,1497
telltalegames.com,1497
60cards.net,1496
questmode.io,1496
holyfaith.tv,1496
picsart.com,1496
aim2game.com,1496
pegboardnerds.com,1495
dollarvigilante.com,1495
snd.sc,1495
topastrologer.com,1495
deribit.com,1495
ashleybailey.me,1495
gearlive.com,1495
kidonlinegame.com,1495
pastorbobbeeman.com,1495
gadgetstouse.com,1494
pbcham.ps,1494
officialjulidg.com,1494
therealjessamica92.tumblr.com,1494
katy.to,1494
thewebaround.com,1494
talksofcinema.com,1494
unacademy.app.link,1493
jackhartmann.com,1493
spellbinderspaperarts.com,1493
thedroidguy.com,1493
trak.in,1492
binglounge.tumblr.com,1492
open.ac.uk,1492
theskorys.tumblr.com,1492
jonathanmann.bandcamp.com,1492
chrisbeatcancer.com,1491
ultraindia.com,1491
picklerandben.com,1491
epicreads.com,1491
bbemusic.com,1491
vidpromom.com,1491
yardhype.com,1491
geekmodeblog.com,1491
mrsuicide.com,1491
psychicloveheals.com,1490
sportrx.com,1490
deafnewspaper.com,1490
h2odelirious.spreadshirt.com,1490
freespeech.org,1490
undeniablegame.com,1490
4pp.tv,1490
woobox.com,1490
mmogratuit.com,1489
glamazini.com,1489
farlands.spreadshirt.com,1488
musescore.com,1488
oyunfor.com,1488
newcastlefanstv.com,1488
barbershopwindow.com,1488
sammobile.com,1488
thebloodshedbrothers.spreadshirt.com,1488
excelvbaisfun.com,1488
herinteractive.com),1487
carpetbagger.spreadshirt.com,1487
vitagoods.com,1487
apps.samsung.com,1486
thefuturecesar2011.weebly.com,1486
lesko.com,1486
tru.news,1486
gratismmorpg.de,1485
serverblend.com,1485
horoscope.co.uk,1485
codebind.com,1485
hot-thai-kitchen.com,1485
shelleysegal.com,1485
animakids.com,1484
brownman.tv,1484
feeds.reuters.com,1484
giochimmo.it,1484
farming2017mod.com,1484
jkrishnamurti.org,1483
the.rainbowholic.me,1483
jetpens.com,1483
duellinksmeta.com,1483
simulationseries.com,1483
rushisbiz.com,1483
ginabahrens.com,1483
sky.com,1483
retrorgb.com,1483
nepalaaja.com,1482
homestudiotrainer.com,1482
tide991.com,1482
tradenet.com,1482
money.cnn.com,1481
farhatlectures.pathwright.com,1481
orangemusic.in,1481
earthchanges.org,1481
gabrielfernandesministries.org,1481
inspected.co.uk,1481
stampwithjoy.co.uk,1481
vahrehvah.blogspot.in,1481
securityweekly.com,1481
samacharpati.com,1481
vahrehvah.tumblr.com,1481
gosunoob.com,1480
smhos.org,1480
prodbywalkz.com,1480
landriaonkka.net,1479
thebrotherhoodofgaming.com,1479
mainlandcyclecenter.com,1479
screencrush.com,1479
wiki.teamfortress.com,1479
angelusdirect.com,1479
free2play.com,1479
streamys.org,1478
bjtechnews.org,1478
mpsapk.com,1478
illustratedfaith.com,1478
mtoi.org,1478
mcdnews.com,1478
toofaced.com,1478
tehsmarticus.tumblr.com,1477
shop.skyou.com,1477
olx.ua,1477
adfoc.us,1477
simplecookingclub.com,1477
bealtainecottage.com,1477
wanpoetry.com,1476
newova.store,1476
fxo.co,1476
kfoundation.org,1475
flippingmastery.com,1475
kfionline.org,1475
willwhitt.com,1475
younghollywood.com,1475
fkla.org,1475
laservisionbd.com,1475
onemilliontracts.com,1475
capitalfm.co.ke,1475
kfa.org,1475
slush.org,1474
metro.co.uk,1474
katefruitflowers.com,1474
the7wgstore.com,1474
cfgstudio.com,1473
adolescentdogs.com,1473
accessconsciousness.com,1472
lngmusic.com,1472
softpost.org,1472
store.ukf.com,1472
missouriquiltco.com,1471
pamaj.com,1471
mythirtyone.com,1471
efit30.com,1470
selenium-interview-questions.blogspot.com.au,1470
ume.lnk.to,1470
classyscl.com,1470
konachan.net,1469
dynamicessentialz.com,1469
getinthemix.com,1469
m.do.co,1469
wpbeginner.com,1468
thediyworld.com,1468
mercedessource.com,1468
vita-depot.com,1468
golf.com,1468
psychics.co.uk,1468
americaneaglesmodding.com,1468
laurainthekitchen.com,1468
cartooning4kids.com,1467
evomalaysia.com,1467
grandsupremenews.net,1467
symbolicliving.com,1466
thepeacedealer.com,1466
peacewithgod.net,1466
shmee150.co.uk,1466
tambeauty.com,1465
thepetcollective.tumblr.com,1465
paradigmshiftcentral.com,1465
hogghogg9252.wixsite.com,1465
cimorellimusic.com,1465
bkxc.bike,1464
dai.ly,1464
fitmarkbags.com,1464
own3d.tv,1463
mdshop.us,1463
www.fifaallstars.com,1462
airescomunication.com,1462
anamericaninbangkok.com,1462
newer.ac,1462
wholebodyliving.com,1462
nlfxpro.com,1462
edm-diversity.com,1462
trydailypay.com,1462
1001.tl,1461
inkhabar.com,1461
dinolingo.com,1461
twistedthrottle.com,1461
neogaf.com,1461
go.thrv.me,1461
sites.fastspring.com,1460
nintendowire.com,1460
icritic.net,1460
zayrashod.com,1460
vgperson.com,1460
doctormix.com,1459
primaledgehealth.com,1458
cryptoversity.com,1458
fitnessaddictshred.com,1458
h2techvideos.com,1457
harshlycritical.com,1457
c4etech.com,1457
deklak.net,1457
turnology.com,1457
jlcpcb.com,1457
en.m.wikipedia.org,1457
diablofans.com,1457
tech.airescomunication.com,1457
cultbeauty.co.uk,1457
tudeals.com,1457
presentation-process.com,1456
wooplr.link,1456
surveyplanet.com,1456
worldairroutes.com,1456
i.sstudy.kr,1456
ig.bcslots.com,1456
sadowickproduction.com,1455
rockhall.com,1455
pressrecord.spreadshirt.com,1455
dashboard.yt,1455
soufeel.com,1454
sidearms.spreadshirt.com,1454
suzannebeandivinetarot.blogspot.ca,1454
grindwarzine.wordpress.com,1454
21buttons.com,1454
nerdsyn.cc,1454
rxrsignals.com,1454
siasat.com,1454
beagoodsoul.com,1453
growingyourgreens.com,1453
kclovesgaming.tumblr.com,1453
chdr.tv,1453
cogismith.com,1453
bambuser.com,1453
infobells.com,1452
uniwigs.com,1452
mrcrayfish.com,1452
bybit.com,1452
frontsight.com,1452
ef.com,1451
iamhalsey.com,1451
16vmini.co.uk,1451
kahindotech.com,1451
bigtyrone.com,1451
the33secrets.com,1451
shaolinarizona.com,1451
airshowstuff.com,1451
utip.io,1450
kidsone.in,1450
radiointense.com,1450
worldtruth.mx,1449
wwww.twitter.com,1449
studiolorien.com,1449
destructoid.com,1449
tho.mn,1449
flightradar24.com,1449
onyxhealing.com,1449
mou.sr,1449
lildeucedeuce.com,1448
akshonesports.com,1448
thereviewspot.spreadshirt.com,1448
notla.com,1448
kedercormier.net,1448
lordnbz.tumblr.com,1448
disqus.com,1447
funnelstoincome.com,1447
ida.stampinup.com,1447
tested.com,1446
codezero.us,1446
absrad.io,1446
kolentohs.imgur.com,1446
dealerrater.com,1446
iballisticsquid.spreadshirt.co.uk,1446
hochanda.com,1445
tonevays.com,1445
escholars.in,1445
styleseat.com,1444
kubecon.io,1444
roton.ro,1443
mahalo.com,1443
pumaplow.com,1443
voidlauncherforums.voidswrath.com,1443
howtogurus.com,1443
rickshielsgolf.co.uk,1443
ocremix.tumblr.com,1443
selected.lnk.to,1443
temblor.net,1442
miram.ax,1442
pc-sg.uk,1441
curling.ca,1441
cryptocrewuniversity.com,1441
v-picks.com,1440
hitc.com,1440
nerdarchy-blog.tumblr.com,1440
vosshelmetsusa.com,1440
royalfashionblog.com,1439
mattshea.fanfiber.com,1439
adigitalb.com,1438
hometalk.com,1438
platecrate.com,1438
bmwmcvancouver.com,1437
pledgemusic.com,1437
pcbway.com,1437
nojumper.com,1437
us.boohoo.com,1436
popsu.gr,1436
notregme2.wixsite.com,1436
platinumskincare.com,1436
cars.com,1436
support.tm,1435
elevatestyles.com,1435
videogamesandnews.com,1435
team-mongoose.com,1435
hangtightwmarc.com,1435
beaglespocket.com,1435
maxwellglick.tumblr.com,1434
lehren.co,1434
bluenovabeats.com,1433
sg1sports.com,1433
jellebay.com,1433
blackoutmusic.nl,1433
davidbulla.de,1433
iglesianicristo.net,1433
photos.app.goo.gl,1432
atheist-community.com,1432
apexamis-apparel.com,1432
unlocki.in,1432
belgian-motorsport.com,1432
thewoodwhisperer.com,1432
worldslastchance.com,1432
bharatingermany.com,1432
learnhotdogs.com,1432
thnxcya.bandcamp.com,1431
newegg.ca,1431
prnt.sc,1431
alfamusicandfilms.com,1431
frugalistablog.com,1431
rocksound.tv,1430
inearlyseniorcitizen.tumblr.com,1430
3kliksphilip.com,1430
pecb.com,1430
usa.canon.com,1430
mhone.in,1430
introversion.co.uk,1430
jarhead6.spreadshirt.com,1430
messicks.com,1429
ontheregimen.com,1429
learnjazzstandards.com,1429
funko.com,1428
stevetv.com,1428
royalty-free.tv,1428
sportscreators.com,1427
mathgotserved.com,1427
bodyrock.tv,1427
spiritofhardstyle.com,1427
msi.com,1427
theproteincookiecompany.com,1427
nextlevel.challonge.com,1427
truthclothing.io,1427
zisteau.spreadshirt.com,1426
polyclayplay.com,1426
radiodisney.com,1426
yammy-xox.tumblr.com,1426
powerblocktv.com,1426
ultramodern-home.ru,1426
brothercarlos.org,1426
henchherbivore.com,1426
dangheesling.com,1426
millenniumaudios.com,1425
marfooglenews.com,1425
dfabmix.com,1425
polesports.org,1425
bluesmoose.nl,1425
hasfit.myshopify.com,1425
marstars.net,1425
alphalete.shop,1425
postmat.es,1424
katwynn.deviantart.com,1424
orthotropics.co.uk,1424
tom-syndicate.tumblr.com,1424
daddoes.com,1424
kingofweb.com,1424
uslchampionship.com,1423
orangeentertain.com,1423
dustinnemos.com,1423
clnsradio.com,1423
countrycraftcreations.com,1423
kubbi.bandcamp.com,1423
the-soccer-essentials.com,1423
studiostevewallace.bandcamp.com,1423
madram11productions.com,1422
vshred.fit,1422
astro.com,1422
desertplantsofavalon.com,1422
gmantonz.com,1422
m.apkpure.com,1422
elderscrollsonline.com,1422
wolfgangs.com,1421
sachacosmetics.com,1421
haircurlies.com,1421
blankcanvascosmetics.com,1421
djhumor.com,1420
audiencenetwork.att.com,1420
fundamental.org,1420
unwebtv.live,1420
stampwithtami.com,1420
kenthovindisinnocent.com,1419
hubtag.net,1419
u2gigs.com,1419
sim-lab.eu,1419
hubpages.com,1419
playrust.com,1419
wellnessplus.tv,1419
draxe.com,1418
blackburnroverseas.com,1418
who.int,1418
jupiterincancer.com,1418
dakar.com,1418
aboutslots.com,1418
sizzix.co.uk,1417
brilliant.org,1417
truefreethinker.com,1417
rekhta.org,1417
markusworld.com,1417
agendafree.tv,1416
mommytipsbycole.com,1416
garagewarrior.com,1415
yobuilder.com,1415
tylersheltonart.com,1415
linksredirect.com,1415
doubletoasted.com,1415
megalithomania.co.uk,1415
bmwblog.com,1415
inthelooppodcast.com,1415
sunwarrior.com,1414
jamiezebra23@gmail.com,1414
ovationtv.com,1414
holyspiritspeaks.org,1414
cubebrush.co,1414
gnu.org,1413
thehossusmc.com,1413
twostepsfromhell.com,1413
giffgaff.com,1413
omlet.gg,1412
keepmusiclowkey.com,1412
xitonecabs.com,1412
z13.invisionfree.com,1411
thegamekeys.co.uk,1411
ballst.co,1411
benefitcosmetics.com,1411
luxxcurves.com,1411
tsmshop.com,1411
washingtonexaminer.com,1411
support.apple.com,1410
weekiwachee.com,1410
kitchenwithamna.com,1410
morroccoaffiliate.com,1410
www3.open.ac.uk,1410
motorward.com,1409
the21convention.com,1409
glambot.com,1409
teamessence.org,1409
shamidrees.com,1408
freebeacon.com,1408
juviasplace.com,1408
crabbok.com,1408
tomoson.com,1408
lolga.com,1408
thecurrent.org,1408
tmartn.com,1408
naturalnews.com,1408
universetoday.com,1407
boardgamelinks.com,1407
legionary.bandcamp.com,1407
azuritereaction.tumblr.com,1407
alanwalker.lnk.to,1407
tv3.ie,1407
artistaloud.com,1407
lalahunnie06.tumblr.com,1406
amazn.li,1406
marieforleo.com,1406
thebigpayback.com,1406
baeblemusic.com,1405
undergroundstrengthgym.com,1405
archiveofourown.org,1405
bryantchambers.com,1405
trinnylondon.com,1405
shop.chrissmoove.com,1405
hhv.de,1405
ourtwinlife.spreadshirt.com,1405
olaenglund.com,1405
solarimg.org,1404
nwbus.com,1404
phonelosers.tumblr.com,1404
trainworld.com,1404
rbcp.deviantart.com,1403
funkmma.com,1402
awesomenesstv.com,1402
mrcreepypasta.spreadshirt.com,1402
chtp.co,1402
thegamefacehd-store.spreadshirt.co.uk,1402
na.leagueoflegends.com,1402
en-dance-studio.com,1402
thestocks.im,1401
decor8yourlife.com,1401
truthandarttv.com,1401
nakateleeli.tumblr.com,1400
phonelosers.spreadshirt.com,1400
merch.slyfoxfamily.com,1400
truweight.in,1400
strexm.tv,1399
boomlive.in,1399
gosugamers.net,1399
simplelivingandtravel.com,1399
bhommali.com,1398
yourfacesoundsfamiliar.abs-cbn.com,1398
levelcap.spreadshirt.com,1398
real-time-with-bill-maher-blog.com,1398
ventrac.com,1397
bitly.vn,1397
digitalgoja.com,1397
defectedrecords.tumblr.com,1397
geforce.com,1397
smartappsforkids.com,1396
harvestarmy.org,1396
carsforsale.com,1396
ny-dance.ru,1396
banishacnescars.com,1395
crowdrise.com,1395
plexaff.com,1394
youngarts.org,1394
saishtech.com,1394
kenthovind.tumblr.com,1394
pyroradio.com,1394
phaseone.com,1393
lonewolfpaintball.com,1393
fearadubh.spreadshirt.co.uk,1393
tictoc.video,1393
playmonk.com,1393
pnpmedianepal.com,1392
popskyy.bandcamp.com,1392
nonolive.com,1392
wired.tumblr.com,1392
jonathanmann.net,1391
weightwatchers.com,1391
thetrumpet.com,1391
filmcompanion.in,1391
jntgaminghd.blogspot.com.es,1391
plrm.me,1391
mytrans.com,1391
thesecondmind.com,1390
cafepress.ca,1390
drivethrucomics.com,1390
millenniumaudios.blogspot.in,1390
forces.net,1390
liveleantv.com,1389
nikomedia.at,1389
bodybuilding.com,1389
noahj456shop.com,1389
filmlinc.org,1389
worldwidespotlightblog.tumblr.com,1389
hovacone.com,1389
mcfinest.spreadshirt.com,1389
bbemusic.lnk.to,1388
townsends.us,1388
theluckymermaid.com,1388
androidizen.com,1388
slyfoxthreads.com,1388
someordinarygamers.blogspot.ca,1388
chelsealifts.com,1387
laurenmessiah.com,1387
ukecigstore.com,1387
pickpals.com.au,1387
thelightinthedarkplace.files.wordpress.com,1387
paultalbot.com.au,1387
yeah1.net,1387
psxhax.com,1386
2orchids.com,1386
animemusicvideos.org,1386
filterheads.com,1386
louderwithcrowder.com,1385
chastinjmiles.com,1385
grailed.com,1385
testdrivenow.com,1384
killservers.com,1384
cracked.tumblr.com,1383
volvooceanrace.com,1383
awesomeperfection1.tumblr.com,1383
looperman.com,1383
planetoftheapps.com,1383
paramountnetwork.com,1383
lookmanofans.com,1383
hardener.com,1382
v8speedshop.com,1382
mnoriginal.org,1382
ukfmusic.com,1382
daveericksonmedia.com,1381
hardlyart.com,1381
rendermax.tumblr.com,1381
thebuttonsmashers.com,1381
pulsetv.com,1380
screenprinting.com,1380
thecommonsenseshow.com,1380
vegetablepolice.threadless.com,1380
fia.com),1380
rhmartialfitness.com,1379
store.sonyentertainmentnetwork.com,1379
davidr64.tumblr.com,1379
rajasthanigorbandmusic.com,1379
themuddynews.com,1379
finnovationz.com,1379
84music1.net,1378
dbrand.com,1378
mychicnscratch.com,1378
teambeachbody.com,1378
lanevids.spreadshirt.com,1378
highroadhunting.com,1377
pilatesology.com,1377
bullymake.com,1377
epicreads.tumblr.com,1377
sugarpill182.bandcamp.com,1377
cognitoforms.com,1377
nbcthevoice.tumblr.com,1377
video.state.gov,1377
corbettreport.com,1377
femfusionfitness.com,1377
de.pinterest.com,1376
thesaker.is,1376
xbcrafted.com,1376
daillymotion.com,1376
on.wcnc.com,1376
opus1.sourceaudio.com,1376
tiffandcari.com,1376
idawahteam.tumblr.com,1375
kwernerdesign.com,1375
secure.eveonline.com,1375
malaco.com,1375
schoolofthespirit.tv,1375
9magtattoo.com,1375
sadvidyatv.in,1375
smosh.com,1375
bethelmusic.com,1374
etown.org,1374
nukemdukem.spreadshirt.com,1374
ifbbtv.net,1374
sulia.com,1374
eastcoastaudios.in,1374
ciamediagroup.com,1374
thenewmystics.com,1373
askanythingchat.com,1373
mondomedia.com,1373
tka.net,1372
aliveshoes.com,1372
drlamcoaching.com,1372
vanguard.dealeraccelerate.net,1372
tomorrowland.com,1372
wftda.com,1372
playcontestofchampions.com,1372
baps.org,1372
lifewithkrystle.spreadshirt.com,1372
vikings.com,1371
revivestronger.com,1371
tv.drsha.com,1371
outertone.com,1371
uk.tlc.com,1371
mysoulhealingmiracles.blogspot.com,1371
jayscustomcreations.com,1371
klausstudios.com,1370
store.markeedragon.com,1370
tommyt999.com,1370
mythical.store,1370
newhopetv.org,1370
atqp.ac,1370
revr.ec,1369
jetblackjay.tumblr.com,1369
churchwebtv.com,1369
bikerbits.com.au,1368
snapchick.com,1368
gamemaps.com,1368
prf.hn,1367
dollemore.com,1367
thed.it,1367
modland.net,1367
flyingthenest.tv,1367
yonaskbeatz.com,1366
92y.org,1366
sarkariresultblog.com,1366
realitysurvival.com,1366
marklaurent.co.nz,1366
smartmoneytactics.com,1366
raptorresource.org,1366
playbill.com,1365
bayleejae.com,1365
accounts.snapchat.com,1365
martymusic.com,1365
ig.com,1365
debossgarage.com,1364
hasfitpersonaltrainer.com,1364
aim.edu.au,1364
dogstrust.org.uk,1364
topspeed.com,1364
modhoster.de,1364
skylanders.com,1364
endurancehour.com,1363
pirategrayson.com,1363
missrballersplace.spreadshirt.com,1363
presonus.com,1363
vinwiki.com,1363
aroodawakening.tv,1362
releasepromo.com,1362
tv.ittf.com,1362
godawfulrecords.bandcamp.com,1362
usacomputertec.tumblr.com,1361
cs.pn,1361
thegroovyguitardude.com,1361
qi-rattan.com,1361
mrctv.org,1361
adset.biz,1360
lamborghinidallasblog.com,1360
needcoolshoes.com,1360
fairyloot.com,1360
fatburningman.com,1360
lauraneuzeth.com,1359
sportsgamersonline.com,1358
fishkeeper.co.uk,1358
jimmyageek.com,1358
chinacandycouture.bigcartel.com,1358
sega.com,1358
camelot.ai,1358
in4s.net,1358
phonelosers.com,1358
bellamihair.refersion.com,1358
superherostuff.com,1358
undertale.com,1358
autocraze.com.au,1358
autographcoa.com,1357
latebloomershow.com,1357
homeleisuredirect.com,1357
guitarzero2hero.com,1357
account.mojang.com,1357
fortnite.com,1357
modsbase.com,1357
mischajaniec.com,1357
prairiehome.org,1357
juliasalvia.com,1356
cardztv.blogspot.com,1356
wtp.cool,1356
indierecordings.no,1356
derekaudette.ottawaarts.com,1356
anaerobixx.com,1356
helperclub1.blogspot.com,1355
boardwalkautogroup.com,1355
ratchetmario.deviantart.com,1355
bbqpitboys.com,1355
gcgd.tumblr.com,1355
epicpants.com,1354
byutv.org,1354
lichess.org,1354
machinima.com,1353
lifestyle.abs-cbn.com,1353
kbecca.com,1352
rcam.at,1352
thegreatcoursesplus.com,1352
dowreplays.net,1352
audioenlightenment.com,1352
adaptt.org,1351
yummyinspirations.net,1351
zazzle.co.uk,1351
hotepnation.com,1351
et.golf,1351
glitchyboy.com,1351
mindpumpmedia.com,1351
shabbyfabrics.com,1350
dronstudy.com,1350
kathrynmorganonline.com,1350
turatii.ro,1349
sisvsbro.com,1349
mythicbells.com,1349
mtgheadquarters.com,1349
streetvuetv.com,1349
ftrbnd.co,1348
mathias4makeup.com,1348
hookgrip.com,1348
interactivebrokers.com,1348
moshingxwithxmyxdemons.tumblr.com,1348
ebay.eu,1348
1aauto.com,1347
potustrumpmaga.com,1347
logitechg.com,1347
newscapepro.com,1347
themightygoat.com,1346
regalmovies.tumblr.com,1346
vitaminstringquartet.tumblr.com,1346
bhaktibhajankirtan.blogspot.in,1346
cbeditingpng.com,1346
chess-teacher.com,1345
discover.org.au,1345
popcorntalknetwork.com,1345
briaandchrissy.com,1345
server.nitrado.net,1345
zenonrecords.bandcamp.com,1345
boishakhi.tv,1344
videoschoolonline.com,1344
allanapratt.com,1344
us.shein.com,1343
bernina.com,1343
gbatemp.net,1343
maturewomenofyoutube.blogspot.com,1342
markeedragon.com,1342
domislive.com,1342
wretched.org,1342
racer.com,1342
topshop.com,1342
foreverbermuda.com,1341
sugarpilltabs.blogspot.co.uk,1341
sugarpillmixes.blogspot.co.uk,1341
koreessentials.com,1341
iai.tv,1341
espn.co.uk,1341
naturalstacks.iljmp.com,1341
flosstradam.us,1341
sugarpillbackingtracks.blogspot.co.uk,1341
dontmemorise.com,1340
alabama.rivals.com,1340
texasmusicscene.com,1340
washingtontimes.com,1340
bookriot.com,1340
techsmith.pxf.io,1339
movies.indiaglitz.com,1339
trailblazersfanshop.com,1339
euromusicstudio.ro,1339
iecrcna.org,1339
lupsona.com,1339
quainator.com,1338
bananafingers.co.uk,1338
incmedia.org,1338
dova-s.jp,1338
thatbackpacker.com,1338
autogefuehl.com,1337
tabtale.com,1337
stereoload.com,1337
indiemerch.com,1337
jenthousandwords.com,1337
traffic.libsyn.com,1336
aquariumcoop.com,1336
forum.kipa.be,1336
saroboghozian.com,1336
expressionsvinyl.com,1336
rawfullyorganic.com,1336
klout.com,1335
help.getadblock.com,1335
keepthetime.com,1335
highonandroid.com,1335
boishakhitv.wordpress.com,1335
greengoldstore.com,1335
wrc.com,1335
exoaudio.net,1335
nolife.link,1335
allure.com,1334
weqyoua.net,1333
connectpal.com,1333
dastrader.com,1333
jennifermcguireink.com,1333
happilyahousewife.com,1333
metmuseum.org,1333
grind.tactics.com,1332
wanpoetry.tumblr.com,1332
playfire.com,1332
savvycleaner.com,1332
na-kd.com,1332
influencerlink.org,1332
fikrokhabaronline.com,1332
empire.kred,1332
dragonsheartguitarpicks.com,1332
redvikingtrucker.com,1332
ultra.wikia.com,1331
cjpnailsystems.com,1331
lilsimsie.tumblr.com,1331
milwaukeetool.com,1331
shopmoment.com,1331
fokuzrecordings.com,1331
thekoncretejungle.com,1331
absoluteradio.co.uk,1330
crossroads.ca,1330
blogotheque.net,1330
sportstnb.com,1330
twskate.co,1330
pnas.org,1330
tigerstream.tv,1329
ksperfectfitnesstv.com,1329
apexminecrafthosting.com,1329
news.bitcoin.com,1329
newschannel9.com,1328
premiumautostyling.com,1328
ktt.ninja,1328
wishbk.in,1328
2bcproductions.spreadshirt.com,1327
songwhip.com,1327
shoedazzle.com,1327
remind.com,1327
fellowshipofthemartyrs.com,1327
godlychristianmusic.com,1327
rdy.cr,1326
cbj.co,1326
torahlifeministries.org,1326
ocul.us,1326
sadlerswells.com,1326
geomagnetic.tv,1326
leveluptutorials.com,1326
elephantjournal.com,1326
smithsonianmag.com,1325
clevelandbrowns.com,1325
desura.com,1325
makeawoodsign.com,1325
godawfulrecords.com,1325
robertbakerguitar.com,1325
fnatic.com,1325
meat.org,1325
livemetallica.com,1325
pixelships.com,1324
groups.yahoo.com,1324
severemma.com,1324
bostonceltics.pl,1324
freeplaymusic.com,1324
schedule.squirrel.tv,1323
j0hnbane.com,1323
houseandhome.com,1323
ndukaubayt@gmail.com,1323
japancrate.com,1323
futurismnews.tumblr.com,1323
muscleforlife.com,1323
greatcdltraining.com,1322
herinteractive.com,1322
roadshow.co,1322
tipanddonation.com,1322
alhikmattv.com,1321
amritatv.com,1321
1upbox.com,1321
cycleworld.co,1321
newpower99.com,1321
rikeluxxbeats.com,1321
havehopefootballhut.com,1321
cleversoiree.blogspot.com,1320
papermart.com,1320
kingstreetsounds.com,1320
bellarahbek.com,1320
mometrix.com,1320
gameboygeek.podbean.com,1320
car-revs-daily.com,1319
jayshockblast.com,1319
iptv.org,1319
dell.to,1319
babybus.com,1319
vapesourcing.com,1318
jeromefitness.com,1318
melbeezeetv.com,1318
freefiremobile.com,1318
championshockeyleague.com,1318
articulatedcomicbookart.com,1318
citrix.com,1317
modestonews.org,1317
velvetcaviar.com,1317
nottaughtatschool.co.uk,1317
listia.com,1317
ad.apsalar.com,1317
uci.ch,1317
hankandjed.spreadshirt.com,1317
attitudelive.com,1316
dl.dropbox.com,1316
viciousbt.ch,1316
studiolivetoday.com,1316
psychetruth.net,1316
scan.co.uk,1316
speedshifttv.com,1316
gamingwithryan.com,1315
thecratez.com,1315
magiclinks.com,1315
beautyusa.royalbrush.com,1315
celiehair.com,1315
efilipinowomen.com,1315
affiliates.sideshowtoy.com,1315
kay486.deviantart.com,1315
binaryoptionsarmy.com,1315
discord.aaronitmar.com,1315
wholesaletomillion.com,1314
acousticletter.com,1314
pagasa.dost.gov.ph,1314
canadian-sportfishing.com,1314
elite-nation.net,1314
ronpaulhomeschool.com,1314
peta2.me,1314
tetrakosari.gr,1314
youmeandthe6cs.com,1314
live.yourgibs.com),1313
pk-anexcelexpert.com,1313
me.lk,1313
justdancegame.com,1313
foodnsport.com,1313
bringingdowntheband.com,1313
dailystar.co.uk,1312
lavcopricetech.com,1312
gordonramsay.com,1312
toshiba.com,1312
nato.int,1312
arcadepunks.com,1311
officialrebekahsmith.tumblr.com,1311
vblocks.co,1311
thinklikeahorse.org,1311
forum.warthunder.com,1311
texas-daddy.shop-pro.jp,1311
artist.landr.com,1310
mbeans.com,1310
mrautosportfan.com,1310
wwbw.com,1310
paperkawaii.com,1309
honeybum.com,1309
samtaborskating.storenvy.com,1309
proximus.com,1309
jasonunruhe.com,1309
strangemusicinc.com,1309
foxmovies.com,1309
fgatulsa.org,1309
kabbalah.info,1308
arsenalfantv.com,1308
xtra.com.my,1308
translate.google.com,1308
boxnation.com,1307
jaggrips.com,1307
mi40nation.com,1307
dayzmod.com,1307
onedirt.com,1307
prettylilmzgrace.com,1307
edcm.xyz,1307
jimforce.tumblr.com,1306
davidhocking.org,1306
life.church,1306
sandervanvugt.com,1306
ultimenotizieflash.com,1306
de.wikipedia.org,1305
technisportusa.com,1305
thejohncampeashow.com,1305
digitalocean.com,1305
sreditingzone.com,1305
aa.com.tr,1305
zomboy.co,1304
3dmusclejourney.com,1304
teamup.com,1304
blacksmithpdfs.com,1304
usahockey.com,1304
melizbeauty.tumblr.com,1304
mzglamouraddict.com,1304
frocksandfrolics.com,1304
freezzer.com,1303
letsbuildthatapp.com,1303
dis.ne,1303
stealthvan.com,1303
live.aliexpress.com,1303
1500espn.com,1303
heronaerialphotography.com,1303
hotforfoodblog.com,1303
hoopjab.com,1303
splice.com,1302
selly.gg,1302
gpknives.com,1302
commonsensemedia.org,1302
editorial556.com,1302
anarchapulco.com,1302
housesession.com,1302
ontsofa.co.uk,1302
obe1plays.com,1302
usopen.org,1302
necolexo.com,1301
masseffect.com,1301
oswnetwork.com,1301
letsplaysociety.com,1300
narcissistabusesupport.com,1300
forums.socialpointgames.com,1300
metalblade.com,1300
tlc.howstuffworks.com,1300
homechef.com,1300
zhakoashe10.tumblr.com,1299
wranglerstar.spreadshirt.com,1299
ele.vc,1299
eatmydiction1.spreadshirt.com,1299
uctv.tv),1299
namcobandaigames.eu,1299
musickaira.weebly.com,1299
mxlmics.com,1299
unghotoi.com,1299
atlaslevy.com,1298
rojkmao.com,1298
tannerofthenorth.ca,1298
shemarookids.com,1298
yt2.pics.ee,1298
rochellek1994.tumblr.com,1298
teamog.wearenations.com,1298
corporate.zoomin.tv,1298
equipmentdefender.com,1298
muyskerm-fans.deviantart.com,1298
viahold.com,1297
oguspyramid.com,1297
ogus753.com,1297
bajiparveen.com,1297
sixpackshredding.com,1297
u7buy.com,1297
3n19ma.spreadshirt.net,1296
joeraciti.com,1296
bwtmtbrickworks.com,1296
zndr.vn,1296
carolsuniverse.co.uk,1296
eventbrite.co.uk,1296
thesportscourier.com,1296
fifacoinsbuy.com,1296
volcanoyt.com,1295
theforest.gamepedia.com,1295
maybelline.com,1295
sculpey.com,1295
tidouz.com,1295
nickjr.com,1295
8akzrlpz.megaph.com,1294
overclock3d.net,1294
getsk.co,1294
micheleleenieves.com,1294
instagram.difran.co,1293
furiouspete.tumblr.com,1293
toolsinaction.com,1293
smwcentral.net,1293
mylikes.com,1293
twitter.difran.co,1293
kittiesmama.com,1292
rawtillwhenever.com,1292
hunterknightonline.blogspot.com,1292
learnfrenchwithalexa.com,1292
grmsqd.co,1292
ari.aynrand.org,1292
destinytracker.com,1292
bennyhinn.org,1292
dkwcs.com,1291
druryoutdoors.com,1291
primeloops.com,1291
glamstylegossip.com,1291
tfltruck.com,1290
avforums.com,1290
bunnyfufuu.com,1289
abc30.com,1289
musicfordreams.dk,1288
norsefoundry.com,1288
chapmanguitars.co.uk,1288
zep.tl,1288
skinhub.com,1288
melissa.help,1288
viewfromthecheapseats.spreadshirt.com,1288
scootermagru.de,1288
aviationfilm.com,1288
thesco.re,1288
tonyevans.org,1287
examsolutions.co.uk,1287
shutr.bz,1287
dndbeyond.com,1287
wetnwildbeauty.com,1287
vlrtraining.in,1287
blackmagicdesign.com,1286
wrcplus.com,1286
avang.com,1286
thestar.com,1286
highspots.com,1286
rushathletics.co.uk,1286
xperiafirmware.com,1285
hoffmanacademy.com,1285
store5.esellerate.net,1285
shanedawsontv.com,1285
bandainamcoent.com,1285
markquigley.com,1285
lambo-mods.com,1285
hubblesite.org,1284
downtown.fox2now.com,1284
morningstar.com,1284
qanon.pub,1284
mysterytacklebox.com,1284
thefederalist.com,1283
pcxclubitalia.forumfree.it,1283
ifsc-climbing.org,1283
clips-n-cuts.com,1283
mercedesamgf1.com,1283
londonabove.bandcamp.com,1283
smite.guru,1283
cursedeliverance.com,1283
vladimirribakov.com,1283
coursera.org,1283
gamersaloon.com,1283
roh.org.uk,1282
forum.feed-the-beast.com,1282
gadgethacks.com,1282
joby.com,1282
massappeal.com,1282
thevoice.com.au,1281
battlbox.com,1281
wwos.nine.com.au,1281
nyulangone.org,1281
expansions.com,1281
arminvanbuuren.com,1281
handbrake.fr,1280
shrutiarjunanand.com,1280
latterrain333.wixsite.com,1280
ikmultimedia.com,1280
subsoul.com,1280
wiissttaa.yt,1279
swingpoynt-fans.deviantart.com,1279
sonicacademy.com,1279
cutwin.com,1279
penny-arcade.com,1279
zulily.co.uk,1279
motionvfx.com,1279
facebook.difran.co,1279
julienearle.bandcamp.com,1279
glamor-crystals-by-sal.cratejoy.com,1279
sereinwu.com,1278
apps.cartoonnetwork.co.uk,1278
patft.uspto.gov,1278
treeofknowledgeministry.com,1278
seanviguefitness.com,1278
sundrani.co.in,1277
vidds.ee,1277
roguepreparedness.com,1277
pcrm.org,1277
policies.google.com,1277
worldbossteam.com,1277
learningstationmusic.com,1277
elitedai.ly,1277
topshelfrecords.com,1277
livefitapparel.com,1276
curs.io,1276
djhardwell.com,1276
allrecipes.co.uk,1276
mousiemouse.spreadshirt.com,1276
trendsjournal.com,1276
nnalliance.org.au,1275
scoutanalyticfootball.com,1275
stephenvlog.com,1275
wrestleguru.com,1275
jvgs.net,1275
luckytacklebox.refr.cc,1274
geeksandgamers.com,1274
xainesworld.com,1274
superacionymotivacion.com,1274
bunnings.com.au,1274
fazeclan-apparel.com,1274
rocksbox.com,1274
thestampsoflife.com,1274
reelz.com,1274
shou.tv,1273
alrm.gd,1273
rapthenews.rezurrec.com,1273
pluscontrollers.com,1273
mkstalin.in,1273
vaping.org,1273
coloradoavalanche.tumblr.com,1273
pkrhosting.co.uk,1273
avalanche.nhl.com,1273
athra.org.au,1272
blog.musicchoice.com,1272
backstage.com,1272
regularcapital.com,1271
uselesswardrobe.dk,1271
tiavapes.tumblr.com,1271
buycheapfifacoins.com,1271
daveramsey.com,1270
techwalls.com,1270
hanielas.com,1270
vibe.com,1270
bhbreptiles.com,1270
thekitchykitchen.com,1270
w3.newsmax.com,1270
members.japantimes.co.jp,1270
mythical.co,1269
rtw-adventures.com,1269
insanelabz.com,1269
southernfrugal.com,1269
grindreel.com,1269
atube.me,1269
thepassionhifi.com,1269
unity3d.com,1268
steviet7.tumblr.com,1268
eshop.macsales.com,1268
freesoundtrackmusic.com,1268
dadabhagwan.org,1268
maccosmetics.com.au,1267
blacknerdcomedy.com,1267
getconnectedmedia.com,1267
naturebox.com,1267
ge-tracker.com,1267
jaylew1987.deviantart.com,1266
marilynandsarah.org,1266
hummingbird.me,1265
celticfc.tv,1265
swm.lnk.to,1265
cfcindia.com,1265
joshkatz.me,1265
adrianvonziegler.bandcamp.com,1265
newlegacyinc.tv,1265
jerrysartarama.com,1264
eforelectric.com,1264
saptarishisshop.com,1264
beautycutright.com,1264
mikedeakinart.com,1264
monsterenergy.com,1264
dbr.ee,1263
4pp.tv),1263
sgcrawlers.co.nr,1263
nilaus.tv,1263
nothingwired.com,1263
fxfactory.com,1262
wrestlingfigures.com,1262
rabidvegeta567.deviantart.com,1262
share.tbal.io,1261
wrestlezone.com,1261
guitarforce.com,1261
cic.gc.ca,1261
1on1withcurtissking.com,1261
soundeorecords.com,1261
cookingupastory.com,1261
guelphracing.ca,1261
electricbikereview.com,1261
xda.tv,1261
nike.com,1261
theawesomestore.com,1261
tutuapp.vip,1261
bellator.spike.com,1261
pianotv.net,1260
nourish.live,1260
copy.com,1260
hsnob.co,1260
teamcovenant.com,1260
johannes89.co.za,1260
startingstrength.com,1259
teammbl.com,1259
thegreatoutdoorsrv.com,1259
sistawigs.com,1259
turboimagehost.com,1259
silkmusic.lnk.to,1259
opieradio.com,1258
forums.kleientertainment.com,1258
mountcomfortrv.com,1258
e-sword.net,1258
minimalistbaker.com,1258
es.wikipedia.org,1258
secretrecordslimited.com,1257
donotgo.com,1257
performancedrive.com.au,1257
csis.org,1257
nicksstrengthandpower.com,1256
community.sigames.com,1256
boobatv.com,1256
awakeningourtruth.com,1256
mynintendonews.com,1256
u.gg,1256
evolutionaryenergyarts.com,1256
dawnofwar.info,1255
annasaccone.com,1255
fullscreen.com,1255
yanfly.moe,1255
dynasty1031.spreadshirt.com,1255
wish1075.com,1255
logicalincrements.com,1255
heatondabeat.com,1255
cuthut.com,1254
wetransfer.com,1254
battleoftheyear.gr,1254
shop.spreadshirt.it,1254
limitnetwork.com,1254
sateliteguru.blogspot.com,1254
halobombtrooper.com,1254
chatterboxquilts.com,1254
cinemasickness.tumblr.com,1254
arumba.tv,1254
dynasty1031.tumblr.com,1254
myhoncho.blogspot.com,1254
redgiant.com,1253
multilevelprayers.com,1253
disruptmeister.com,1253
merryjane.com,1253
mobile.paypal.com,1253
teknoaxe.com),1253
essex.ac.uk,1253
summit.gg,1252
mickeytravels.com,1252
kwamejoetv.com,1252
stevemeadedesigns.com,1252
boomerang.com,1252
usc.edu,1252
heartfeltcreations.us,1252
sonicstate.com,1252
rickmediatz.com,1252
theinfographicsshow.com,1251
jeremyjudkins.com,1251
rfvideo.com,1251
motorcycle.com,1251
visitdubai.com,1251
musicproducerwebsite.com,1251
ribalinux.blogspot.pt,1251
eticketing.co.uk,1251
orangefreesounds.com,1251
on.abc10.com,1250
kyliecosmetics.com,1250
blessedmamasblurbs.net,1250
bagworks.co,1250
cloud9.gg,1249
iihs.org,1249
logiclounge.com,1249
unlicensedboxing.com,1249
creepsmcpasta.tumblr.com,1249
frequency60hz.com,1248
royalrife.com,1248
logs.tf,1248
zipteria.com,1248
seagate.com,1248
scoundrelraccooncomics.tumblr.com,1248
fail.army,1248
stanwinstonschool.com,1248
theskindeep.com,1248
electricsheep.org,1248
sinasoid.com,1248
lionsgateshop.com,1248
myfootage.com,1248
sinimabeats.com,1247
everythingisterrible.com,1247
gdata.youtube.com,1247
battleofthebest.gr,1246
premierprowrestling.com,1246
hgtv.com,1246
prophecyupdate.com,1246
notadamandsteve.com,1246
hebardstravels.com,1246
capron-arts.com,1245
cheapmaddencoins.com,1245
kylelandry.com,1245
123link.pw,1245
gfinity.net,1245
ukherewegrow.com,1245
i.instagram.com,1245
dipyourcar.com,1245
bounce.com.gr,1244
search.stillsmallvoicetriage.org,1244
solidworks.com,1244
kappa.ly,1244
medici.tv,1244
manototv.com,1244
netbuddy.co,1244
chmsupersound.com,1244
chipp.us,1244
hunterknightonline.com,1244
hiphopinternational.gr,1243
br-performance.fr,1243
hovacone.tumblr.com,1243
athomewithnikki.com,1243
streetdance.gr,1243
facebok.com,1243
bloodbowl-game.com,1243
testdriven.tv,1243
carlpullein.com,1242
thecarpetbagger.org,1242
legit.ng,1242
glozell.com,1241
tribeworld.com,1241
darkmyre.net,1241
pagnianamericas.com,1241
fb.sk8only.com,1241
forum.cosmoteer.net,1241
christophechoo.com,1240
actualized.org,1240
sptnkne.ws,1240
forum.jnrsnr.net.au,1240
gofpt.link,1240
guildwars2.com,1240
djsounds.com,1240
musicvault.com,1239
isrtv.com,1239
ghettobalster.gr,1239
isatori.com,1239
defunctgames.com,1239
tropicaltidbits.com,1239
triplexmotorsports.com,1239
store.stratfor.com,1238
agar.io,1238
kristenmartinbooks.com,1238
omgherhair.com,1238
intel.com,1238
loksatta.com,1238
woodturnerscatalog.com,1238
audl.tv,1237
moneyshow.com,1237
neurogen.in,1237
loudernoisetv.com,1237
hopelessrecords.com,1237
jbtvmusic.com,1237
woodenstreet.com,1237
thedivisiongame.com,1236
pro.teechip.com,1236
cs.is,1236
negromanosphere.com,1235
jonesfamilytravels.com,1235
ugx-mods.com,1235
x7albert.merchforall.com,1235
thrl.st,1235
gunblast.com,1235
mi40x.com,1235
nycroads.com,1235
imore.com,1234
automotonetwork.com,1234
store.ihiphop.com,1234
odiaone.com,1234
ramrecords.com,1233
shopfunnelvision.com,1233
bondinfostore.org,1233
gymjugs.com,1233
xeniosfitness.com,1233
www.instagram.com,1233
ibb.co,1233
trekyards.com,1232
supportify.ch,1232
thewaytoheaven.org,1232
getpaint.net,1232
landfall.se,1231
promoonly.com,1231
whvn.cc,1231
lbeats.com,1231
gar1onriva.co.uk,1231
totallydubbed.net,1231
core-electronics.com.au,1231
flyfm.com.my,1230
thekdp.com,1230
flippingfifty.com,1230
newair.com,1230
bloom.bg,1230
support.rockstargames.com,1230
mentalfloss.com,1229
anaheimkg.com,1229
madman.com.au,1229
trailersfromhell.com,1229
waaotv.com,1229
davidhernandezministries.com,1229
kitbadger.com,1228
theoffgridproject.com,1228
mors.xxx,1228
dccomics.com,1228
shop.aiwrestling.com,1227
sharingmywhiteboard.blogspot.jp,1227
beme.com,1227
jeopardy.com,1227
keepithillbilly.com,1227
proworldinc.com,1227
saptarishisastrology.com,1227
freehandmadetraining.com,1227
landscapebusinesspro.com,1226
roc.gg,1226
zhitea.com,1226
uk.msi.com,1226
infinitemansummit.com,1226
heroeshearth.com,1226
paulthetrombonist.com,1225
chrys.lnk.to,1225
knittingilove.com,1225
playpoi.com,1225
dtns.tv,1225
foxairsoft.com,1224
totaltraining.com,1223
usmarin.es,1223
how2drawanimals.com,1223
soundstripe.com,1223
stadiumcomics.com,1223
swordofthevaliant.com,1223
wranglerstar.tumblr.com,1223
iballisticsquid.spreadshirt.com,1223
contests.npcnewsonline.com,1223
waproduction-samples.com,1223
sony.com,1223
geek-news.mtv.com,1222
clk.ink,1222
subscribe.autoexpress.co.uk,1222
codereddefense.com,1222
ru.savefrom.net,1222
kabbalahedu.tumblr.com,1222
thediscoking.bandcamp.com,1222
dreamrecords.org,1221
danbooru.donmai.us,1221
shakaama.blogspot.com,1221
morningfa.me,1221
danettemay.com,1221
polyvinylrecords.com,1221
somegadgetguy.com,1221
shop.dacru.be,1221
ae911truth.org,1220
nisamerica.com,1220
sheetmusic2print.com,1220
live.geo.tv,1220
audiohero.com,1219
watchjojo.com,1219
shockawenow.net,1219
fasttory.com,1219
cr8.me,1219
hypr.lk,1219
members.iracing.com,1219
dopelives.com,1218
midasletter.com,1218
mustanglifestyle.net,1218
edgeprogaming.com,1218
smoove.ws,1218
vegangsta.deco-apparel.com,1218
barcroft.tv,1218
shop.awesomenesstv.com,1218
carjamtv.com,1218
tamsguitar.com,1218
pokeballers.enjin.com,1218
goodnewshawaii.org,1217
idevaffiliate.com,1217
nice-guys-and-players-university.teachable.com,1217
collisionblast.com,1217
fingerboardtv.de,1217
stateoftech.net,1216
intheriffle.com,1216
basichaircaresystems.com,1216
exposeindia.com,1216
rvlove.com,1216
kspadetheprospect.com,1215
hectanooga.com,1215
themundanematt.tumblr.com,1215
thoroughbreddiesel.com,1215
profesorultau.ro,1215
quotev.com,1214
lavimoniereplumbingandheating.com,1214
darkestdungeon.com,1214
sporcle.com,1214
store.thinkmusic.in,1214
danoconnortraining.com,1214
rarewiccaspells.com,1213
lancecampeau.com,1213
coinspot.com.au,1213
onlinefabricstore.net,1213
gregglestech.com,1213
cufos.org,1213
geoguessr.com,1213
codywanner.com,1213
frt9.co,1213
peachguitars.com,1212
66samus.com,1212
newlegacyinc.tumblr.com,1212
3hmongtv.net,1212
classicaltrombone.com,1212
yoyotricks.com,1212
apauhawaiitours.com,1212
autoblog.com,1211
londontheatredirect.com,1211
maperformance.com,1211
subispeed.com,1211
blackstonelabs.com,1211
phelous.com,1211
maharashtracarromassociation.com,1211
kcdoodleart.com,1211
juliepooleonline.com,1211
shp.photo,1211
tus10segundos.com,1210
pinkparadisebeauty.blogspot.co.uk,1210
realghoststoriesonline.com,1210
eastcoastdyes.com,1210
huffpost.com,1210
mav3riqsub.com,1210
macmixing.com,1210
mxptv.com,1210
coretexrecords.com,1210
atbbq.com,1210
homesteadadvisor.com,1210
voxmc.com,1210
dynmk.tumblr.com,1210
fojcradio.com,1209
vybzentertainment.com,1209
brambleberry.com,1209
hillsoftware.com,1209
roughstatemusic.com,1208
barong.family,1208
affiliate.flipkart.com,1208
spacetopgames.com,1208
abscbnlifestyle.tumblr.com,1208
instyle.com,1208
zbrushlive.com,1208
screwattack.com,1208
jeanpiersanti.stampinup.net,1208
mrbenbrown.com,1208
dropship4arbitrage.com,1207
mau5trap.com,1207
soylent.com,1207
food52.com,1207
lisaaromano.com,1207
nextgengta.com,1207
therogueenergy.com,1207
weqyoua.com,1207
foro.noticias3d.com,1207
tabletopvillage.com,1206
kayapparel.com,1206
swingindenver.com,1206
sothebys.com,1206
ontheroadtojesus.com,1206
cogconnected.com,1206
forestbear.net,1205
autotrader.co.uk,1205
kenwatersmusic.com,1205
megamachineschannel.blogspot.gr,1205
pokecollection.com,1205
howtocookthat.net,1205
seaofthieves.com,1205
banggood.app.link,1205
inteldinarchronicles.blogspot.com,1204
latestsightings.com,1204
relapserecords.bandcamp.com,1204
pewdiepie.spreadshirt.com,1204
bkkfishingtour.com,1204
veteranscrisisline.net,1204
cubsplace.net,1204
cryptocurrency.market,1204
jbcoinsinc.com,1204
wrestletalk.com,1203
goldmoney.com,1203
kim-mars-karmic-jupiter.myshopify.com,1203
my.playstation.com,1203
hadithdisciple.com,1203
pusher.co,1203
class.ps,1203
noidentity.fanfiber.com,1203
popcrush.com,1202
paigeeworld.com,1202
nnalliance.org,1202
rcwilley.com,1202
pixelempire.com,1202
nikkietutorials.com,1202
guitarforhisglory.com,1201
foxla.com,1201
rya.org.uk,1201
gobuymmo.com,1201
tofluency.com,1201
jaggersfairytale.blogspot.com,1201
plnewstoday.onfastspring.com,1200
readingsbymarvelousmadame.as.me,1200
shutupandplay.ca,1200
simplifiedkundaliniyoga.com,1199
krazyrabb1t.spreadshirt.com,1199
armory.team-mongoose.com,1199
brooksholt.com,1199
projectwoman.com,1199
share.media.jio.com,1199
honeybeephilosophy.blogspot.com,1199
dolby.com,1199
firstpost.com,1198
ituns.li,1198
alhikmat.com,1198
isekc.spreadshirt.com,1198
twitch.tv.com,1198
iliketomakestuff.com,1198
4music.com,1198
inventables.com,1198
wiki.fextralife.com,1197
modioperandus.com,1197
dephnemadyara.com,1197
nowherians.bandcamp.com,1197
mixlr.com,1196
yoola.app,1196
yourgolftravel.com,1196
poproxmuzik.label-engine.com,1196
canoeicf.com,1196
mastodon.social,1196
angelsouls444.com,1196
shop.spreadshirt.be,1196
caranddriver.com,1196
tuneboost.net,1196
kennedy-center.org,1195
edibleacres.org,1195
caillou.com,1195
nailguitar.com,1195
grabpoints.com,1194
ugs4life.com,1194
infiniteelgintensity.com,1194
ohmbet.com,1194
emodels.co.uk,1194
extelevision.com,1193
monster-wiki.com,1193
agirlandagamee.tumblr.com,1193
lavuelta.com,1193
testdriven.co.uk,1193
iupdateos.com,1193
clickwebs.com,1193
rammount.com,1193
d.sg,1193
canon.com.au,1193
amvnews.ru,1193
jacarandafm.com,1193
secure2.thestreet.com,1193
carahamelie.com,1192
streamtip.me,1192
ttdeye.com,1192
store.acmilan.com,1192
youngartsfoundation.tumblr.com,1192
fiveparksyoga.com,1192
wildsdepo.com,1192
steyoyoke.com,1192
crushthestreet.com,1192
sortofdan.tumblr.com,1192
freestockfootagearchive.com,1192
livemixtap.es,1191
gemsofwar.com,1191
invite.gg,1191
makemoneytradingstocks.net,1191
itsjudytime.tv,1191
getgripped.co.uk,1190
beherenownetwork.com,1190
thesadgames.tumblr.com,1190
eunsetee.com,1189
gciturfacademy.com,1189
sultani.co.uk,1189
partners.wantable.co,1189
et.tv,1189
tradercobb.com,1189
nickdrossos.com,1189
thesneakeraddict.blogspot.com,1188
lllreptile.com,1188
lanceypooh.com,1188
capgemini.com,1188
fb.bcslots.com,1187
totaljerkface.com,1187
celebritydogtrainers.com,1187
deanbibleministries.org,1187
zaitoon.tv,1187
allasyummyfood.com,1186
roostr.video,1186
thoughtsontomes.com,1186
bitcoinist.com,1186
cleorecs.com,1186
anotepad.com,1186
kpopmap.com,1186
subiebros.com,1186
zero-project.gr,1186
pamsdogtraining.com,1186
soulsourcepsychicintuitivetarot.com,1186
player.beatstars.com,1185
div-r.com,1185
alpham.com,1185
weareinterconnected.com,1184
zerotodiamond.com,1184
en.001phone.cn,1184
drostdesigns.com,1184
1kingdom.life,1184
shop.bodyrock.tv,1184
newamerica.org,1184
gamingforgood.net,1184
j-autoshow.amebaownd.com,1184
adsofbd.com,1183
altenew.com,1183
atmos.albany.edu,1183
eurosportplayer.com,1183
bubzbeauty.com,1183
bbcenglish.org,1183
tobi.com,1183
tfw2005.com,1182
gaia.com,1182
paperphenomenon.com,1182
s.aliexpress.com,1182
hosstools.com,1182
dailytvmass.com,1181
viddsee.com,1181
sub.cstation.net,1181
oprewards.com,1181
arodoraalp.blogspot.com,1181
m.mlb.com,1181
mvmt.com,1181
sc.bcslots.com,1180
tw.bcslots.com,1180
nywolf.org,1180
rj4gui4r.tumblr.com,1180
supertutortv.com,1180
alexboye.com,1180
hondaprokevin.com,1180
nickthomastv.tumblr.com,1180
fatima.org,1180
shawncheekblog.com,1179
stillmomentsnursery.com,1179
wasabicars.com,1179
music-online.org.uk,1179
euromusicstudio.com,1179
screwfix.com,1178
tradeskinsfast.com,1178
noobiegmk.com,1178
bjkproduction.com,1178
depositfiles.com,1178
theindiestone.com,1178
gonetothesnowdogs.tumblr.com,1177
zipzappower.com,1177
ccrjustice.org,1177
stockgambles.com,1177
gameonsnacks.com,1177
wcamicase.tumblr.com,1177
fiberfluxblog.com,1177
mcys.co,1177
templesounds.net,1176
homelessworldcup.org,1176
ludumnexus.com,1176
lancasterarchery.com,1176
fliiby.com,1176
donalovehair.com,1176
truthforlife.org,1176
mindgames.gg,1176
.sutra.live,1176
valvesoftware.com,1176
starmagichealing.com,1176
jasnail.com,1176
morgz.co,1176
3x3planet.com,1176
clippers.com,1175
sportsmansguide.com,1175
thirdphaseofmoon.net,1175
ideas.lego.com,1175
musicappblog.com,1174
toyota.com,1174
tribetyler.com,1174
askahousecleaner.com,1174
trueachievements.com,1174
adoseofbuckley.bandcamp.com,1174
lostinplacerp.com,1173
camoeyes.com,1173
murphysmagic.com,1173
radacutlery.com,1173
theshowsamandjoe.com,1173
beastmodejonescoaching.com,1173
wellgousa.com,1173
app.stardust.co,1173
bradyharanblog.com,1173
lukegames.co.uk,1173
bibox.com,1173
sdnv.tv,1172
secondcity.com,1172
makezine.com,1172
bindass.com,1172
vipcollector.com,1172
mediamonopoly.co,1172
waterjugfitness.com,1171
oregonlive.com,1171
store.jamespulse.com,1171
jamespulse.com,1171
artistsnetwork.tv,1171
ghaintpunjab.com,1171
stylishscrapbookdesigns.blogspot.com,1171
bowldojo.com,1170
bluvos.com,1170
catholictv.org,1170
allroundabeats.com,1170
hotstream.lnk.to,1170
g2po.com,1169
wongfuproductions.com,1169
gamerzone.avermedia.com,1169
o.ea.com,1169
arcanebear.com,1169
overtongraphics.com,1169
crystastic.blogspot.com,1169
clik.cc,1169
healthfulpursuit.com,1169
wellroundedpianist.com,1169
reallyfeproductions.com,1169
professorastrology.com,1169
majorkeyphysiques.com,1169
buyeasy.by,1169
book.soulpancake.com,1168
lords.org,1168
selfauthoring.com,1168
firepowerrecords.com,1168
webstore.earache.com,1168
supernanny.co.uk,1168
yearofjubile.com,1167
lmg.gg,1167
tolonews.com,1167
trustedreviews.com,1167
plantbasednews.org,1167
shohidulen76.tumblr.com,1167
speedwa-gon.tumblr.com,1167
drumcenter.cz,1166
gymgear.ca,1166
devlob.com,1166
whistlesports.com,1166
zayconfoods.com,1166
whatoplay.com,1166
wowkidztv.blogspot.in,1166
thirdeaglemedia.com,1166
rmcabana.tumblr.com,1166
en.godfootsteps.org,1166
starhearts.com,1166
drawntomlb.com,1166
pianomansteve.com,1166
patastv.tumblr.com,1165
videocopilot.net,1165
msjinkzd.com,1165
sellboatsandrvs.com,1165
9to5mac.com,1165
astro.gg,1165
mederomoments.blogspot.com,1165
play.anghami.com,1165
simplyunlucky.com,1165
cymbal.fm,1165
biasedclothing.co.uk,1165
checkfacts360.tumblr.com,1164
alplus.io,1164
autobuzz.my,1164
treatstream.com,1164
thisishomesteady.com,1164
thenyancave.com,1164
24kmixtapes.com,1164
riccardoestate.com,1163
kokaine.com.au,1163
xilam.com,1163
antvenom.com,1163
rajshrifood.com,1163
woozybmx.com,1163
knowyourmeme.com,1162
thefutur.com,1162
bisptrainings.com,1162
kinagrannis.com,1162
communitychrysler.com,1162
supportinglisteners.com,1162
api.mobisave.com,1161
blog.gouletpens.com,1161
sakitechonline.com,1161
amd.com,1161
bandainamcous.tumblr.com,1161
sprayarteden.com,1161
theyoungobserver.com,1161
hbcubands.com,1161
nobsbeauty.net,1161
duckshit.net,1161
learncolorsforkids.com,1161
blog.tsemtulku.com,1161
stylesmakefights.com,1160
pattyshuklakidsmusic.com,1160
photigy.com,1160
empyriongame.com,1160
greatgamemaster.com,1160
stocksnap.io,1160
josiahjohnsonstudios.com,1160
mamasgeeky.com,1160
electronoobs.com,1160
angelsinheavenspirit.wixsite.com,1159
oregonstate.edu,1159
beatboxbattle.tv,1159
wise-qatar.org,1159
usccb.org,1159
gogy.com,1159
exclucitylife.com,1159
tastytrade.com,1159
prsguitars.com,1159
tekkitsworkshop.net,1158
popfizzpaper.com,1158
theoutdoorgearreview.com,1158
bobandbrad.com,1158
rolandmartinunfiltered.com,1158
amosdoll.teachable.com,1157
footage.shutterstock.com,1157
budgestudios.com,1157
blazbaros.deviantart.com,1157
undergroundstrengthcoach.com,1157
inst.cr,1157
s4.zetaboards.com,1157
all4adventure.com,1157
thetoyheroes.shop,1157
crankgameplays.com,1156
fpvknowitall.com,1156
afv.com,1156
malimish.com,1156
uaudio.com,1156
trebennett.com,1156
ahat.tv,1155
aurorasland.blogspot.co.at,1155
become-elite.com,1155
applemusic.com,1155
iplaypsvita.com,1155
carcribsyoutube.blogspot.com,1155
knsbrakes.com,1155
guitarsalon.com,1155
pubs.acs.org,1155
nanog.org,1154
sketchcraft.com,1154
shop.ubi.com,1154
thelist.com,1154
survivetheark.com,1154
cryptocurrencyaus.com,1154
deadline.com,1154
satefun.blogspot.com,1153
myvpro.com,1153
mrlv.yt,1153
mmaoddsbreaker.com,1153
macrumors.com,1153
paramarch.com,1153
hayday.wikia.com,1153
notregme.blogspot.ca,1152
youngforeverbeats.com,1152
twisted-silver.com,1152
prevmedheartrisk.com,1152
bodibiday.com,1152
ideafintl.com,1152
inspirenationshow.com,1152
islamicentre.org,1152
itch.io,1151
rise.ca,1151
stemcellsmumbai.com,1151
my.adore.me,1151
flutegirl.ca,1151
oilseedcrops.org,1151
beatdowngaming.tumblr.com,1151
mindthatseekstruth.com,1151
lisbug.com,1150
trainjourneysofnatarajan.blogspot.in,1150
psta.rs,1150
getinthemix.co.uk,1150
breach.tv,1150
studio.youtube.com,1150
beautyandthestamper.com,1150
forgedfromfreedom.com,1150
valentinokhan.fm,1150
developattraction.com,1150
thinkpersonalbranding.com,1150
pjtra.com,1150
profile.majorleaguegaming.com,1150
forhims.com,1150
kristinaurribarres.com,1150
linkinpark.com,1149
rugbyworldcup.com,1149
akaalchannel.tv,1149
tv.youtube.com,1149
alejandroarias.org,1149
prourls.co,1148
gameladen.com,1148
shrinkforearn.com,1148
twinpossible.com,1148
wretched.tv,1148
tonyrobinson.co.uk,1148
milwaukeepbs.org,1147
hodgetwinstour.com,1147
liveglam.com,1147
krystleslittlemonkeys.com,1146
flatironexperts.com,1146
sched.co,1146
lifestream.tv,1146
docshop.spreadshirt.com,1146
landtohouse.com,1146
apoxie.com,1146
ablogtowatch.com,1145
thomasbergersen.com,1145
allkpop.com,1145
google.com.au,1145
trojanplays.com,1145
basspro.com,1145
ferretgaming.de,1144
news.woma.tv,1144
keebovet.com,1144
earthshiftproducts.com,1144
crytivo.com,1144
islandrecs.lnk.to,1143
bandhead.org,1143
beatsbynevs.beatstars.com,1143
beziergames.com,1143
demodrop.com,1143
dmgice.com,1143
thespoilingdeadfans.com,1143
paulaschoice.com,1143
berad-products.com,1143
player.portsmouthfc.co.uk,1143
sundance.tv,1143
chinese.littlefox.com,1143
masihpariwarchannel.blogspot.com,1142
drifta.com.au,1142
northeastthailand.com,1142
grandlink.tv,1142
longplays.net,1142
lovinglifeslittleblessings.com,1142
finalfantasyxv.com,1142
alteregocomics.com,1142
g2play.net,1141
jobinterviewtools.com,1141
wolfram.com,1141
odemmortis.com,1141
davidsereda.net,1141
saltstrong.com,1141
bbcamerica.tumblr.com,1141
digitalcombatsimulator.com,1141
visitor.r20.constantcontact.com,1141
butcherbox.com,1140
doterra.com,1140
launchbox-app.com,1140
ttttypes.bandcamp.com,1140
717ts.xyz,1140
thebrickfan.com,1140
helloneighborgame.com,1140
expeditersonline.com,1139
ahlesunnahlibrary.com,1139
pawl.bandcamp.com,1139
letyshops.ru,1139
thesimpit.com,1139
be.linkedin.com,1139
beingmommywithstyle.com,1139
easy-forex.com,1139
thatwrestlingclub.com,1138
thefinnftw.spreadshirt.com,1138
bhajanradio.com,1138
timvp.com,1138
de.linkedin.com,1137
deriums.com,1137
livingrosa.tumblr.com,1137
wiseowl.co.uk,1137
phonetransfer.org,1137
femaledaily.com,1137
winzogold.gsc.im,1136
soukislam.com,1136
computingforever.com,1136
themindcatchers.blogspot.com,1136
test.voidswrath.com,1136
worldsciencefestival.com,1136
humble.com,1136
colorfulcanary.com,1136
bhavnaskitchen.com,1136
goofgroup.com,1136
reptileprime.com,1136
artofmarketingblog.com,1136
switchedtolinux.com,1135
wantfeed.com,1135
guitarpedaldemos.com,1135
sweatco.in,1135
bgm-station.com,1135
doublejumpcoffee.com,1135
esteelalonde.com,1134
simarchy.com,1134
sescoops.com,1134
sewoverit.co.uk,1134
dailybumps.tumblr.com,1134
clutchchairz.com,1134
dancehallandreggae.tv,1134
8ch.net,1134
www3.nhk.or.jp,1134
contagionathletics.com,1134
evosounds.com,1134
axminster.co.uk,1133
turboagram.com,1133
spaceengineersgame.com,1133
realguerillamedia.com,1133
blacknerdcomedy.tumblr.com,1133
trigerpro.weebly.com,1132
lumowell.com,1132
thesurfchannel.com,1132
jbtoolsales.com,1132
barnabasnagy.com,1132
anthonymorganti.com,1131
coralapisoccult.com,1131
channel.nationalgeographic.com,1131
sunsoulastrology.com,1131
kw.ai,1131
nick28t.spreadshirt.co.uk,1131
epickiteskiteboarding.com,1130
promo.zarantech.com,1130
androidexplained.com,1130
trapparty.net,1130
gymnasticswithjeanne.blogspot.com,1130
veritasradio.com,1130
freemedigital.com,1129
gamezone.com,1129
mmozone.com,1129
shamshadtv.tv,1129
hdpiano.com,1129
mortgagecalculator.mes.fm,1129
ubm.io,1129
gradecalculator.mes.fm,1129
tinychat.com,1129
thebreakfastclub.iheart.com,1129
blamethecontroller.com,1129
asiatees.com,1128
meisterlehnsherr.tumblr.com,1128
timesofisrael.com,1128
lisbugstyle.tumblr.com,1128
harrys.com,1128
percentagecalculator.mes.fm,1128
bmicalculator.mes.fm,1128
ridleyreport.com,1128
bankersdaily.in,1128
dream11.onelink.me,1128
artworktee.com,1127
30bananasaday.com,1127
nailsugar.co.uk,1127
keralis-uk.spreadshirt.net,1127
keralis-eu.spreadshirt.net,1127
keralis.spreadshirt.com,1127
stephensdrumshed.com,1126
yogscastkimbox.tumblr.com,1126
onbo-power.com,1126
wazirx.com,1126
bennybenassi.lnk.to,1126
theriffrepeater.com,1126
pages.convertkit.com,1125
pokemongohub.net,1125
ebonus.gg,1125
dlive-fan-club.deviantart.com,1125
slam.ly,1125
bskyfitness.com,1125
eternity.obsidian.net,1125
squad.a2g.gs,1125
navi.gg,1125
stampingtoshare.com,1124
yamechanic.com,1124
kevincaron.com,1124
llnl.gov,1124
thelateboyscout.com,1124
kidsmusic.co.uk,1123
discmakers.com,1123
wildorchidcrafts.com,1123
cooks.io,1123
nationalgeographic.com,1123
amzn.asia,1123
jono-armstrong.com,1123
walkthruhomes.com,1122
averageguygourmet.com,1122
gamingilluminaughty.com,1122
wbr.fm,1122
lshometech.com,1122
happinessboutique.com,1122
pingperfect.com,1122
awkwardapparel.spreadshirt.com,1122
wowlife.in,1122
motherjones.com,1122
politistick.com,1121
iceposeidon.com,1121
kalimuscle.com,1121
iosgods.com,1121
gamercrates.com,1121
humblebeeandme.com,1120
hyphymud.com,1120
eyeslipsface.com,1120
cdchoicemusic.com.bd,1120
urlend.com,1120
dermstore.com,1120
kaoshkraft.net,1120
bohoberry.com,1120
thevegansolution.com,1119
smartsound.com,1119
missbizzplays.com,1119
goha.bs,1119
aurora-clinics.co.uk,1119
diy.com,1119
testerkorea.com,1119
runforcoverrecords.tumblr.com,1118
expressvpn.com,1118
themusiciantrainingcenter.com,1118
hifiheadphones.co.uk,1118
vortexradar.com,1118
rcdb.com,1118
parsnipsandparsimony.com,1118
geeksrising.com,1118
woodworkersjournal.com,1118
mker.tv,1118
www8.hp.com,1117
slyitalian.com,1117
api.itsbagszn.com,1117
lexibanks.com,1117
godblesshiphop.com,1117
community.gophersvids.com,1117
proartinc.net,1117
officiallydevin.wixsite.com,1117
kendrabindutv.tumblr.com,1116
thrilled.com,1116
insider.foxnews.com,1116
richieallen.co.uk,1116
hodlgear.net,1116
recordingconnection.com,1116
holley.com,1116
htcevohacks.com,1116
justnform.com,1116
fce365.info,1116
nerdfighteria.com,1115
nchpad.org,1115
showstudio.com,1115
ballistic.live,1115
sing2music.com,1115
stickam.com,1115
christitus.com,1115
neebsgaming.net,1115
procaliberindianmotorcycle.com,1115
wichm.home.xs4all.nl,1115
fuseschool.org,1115
heavymetalrarities.com,1115
sharetanzania.co.uk,1114
larrythebarberman.com,1114
musclebands.com,1114
haadmaninc.com,1114
sportsmemo.com,1114
thematchareserve.com,1114
kephempire.com,1114
mreh.ca,1113
zergid.com,1113
wavo.me,1113
shop.paperbagrecords.com,1113
eurekalert.org,1113
justinehovey.com,1113
applygodsword.com,1113
globalnews.ca,1113
codewithchris.com,1112
gamerzakh.com,1112
camposha.info,1112
shouselaw.com,1112
uproxx.com,1112
theconservativetreehouse.com,1112
golfdigest.com,1111
thetruebrits.com,1111
radiodmg.com,1111
thesunnysidemusic.com,1111
michaelalig.com,1111
join.profootballfocus.com,1111
deutschland.de,1111
missbudgetbeauty.co.uk,1111
m.ebay.com,1111
nycgalleryopenings.com,1111
elizabethcraftdesigns.com,1110
getfitover40.com,1110
photoshopcafe.com,1110
saferwholesale.com,1110
everydaytacticalvids.tumblr.com,1110
fusarofitness.com,1110
arcticfoxhaircolor.com,1110
tamlchannel.com,1110
filmindependent.org,1110
unipublic.es,1110
video2brain.com,1109
kalimusclebooks.com,1109
vanishingincmagic.com,1109
aliedwards.com,1109
news.bbc.co.uk,1109
beatsuite.com,1109
thenotsoordinarywife.blogspot.com,1109
skill-capped.com,1109
balboa.com,1109
everforwardapparel.com,1109
theglobalexperience.org,1109
movienations.com,1109
internetsales20group.com,1109
meditationhealingmusic.com,1108
mmogo.com,1108
90min.com,1108
kensadork.tumblr.com,1108
gsm-one.info,1108
arsn.al,1108
mediapromusic.ro,1108
sparklensprinkle.net,1108
lparchive.org,1108
almightyballer.com,1108
moviepilot.de,1108
pokepast.es,1108
leveluptuts.com,1107
which.co.uk,1107
healthpregnanttips.blogspot.com,1107
axs.fanlink.to,1107
crashnet1.com,1107
drsam.co,1107
hasbro.com,1107
kristopherwernerdesigns.com,1106
karity.com,1106
dewolfemusic.com,1106
ninjateacher.com,1106
store.blurb.com,1106
juve.it,1106
scannerdanner.com,1105
agiprodj.com,1105
digitalspy.co.uk,1105
krazyislanduniversity.com,1105
drnajeeblectures.com,1104
www.hyphywear.com,1104
back-packer.org,1104
hak5.org,1104
crystalinks.com,1104
escapetracks.com,1104
thebalancingact.com,1104
tunercrate.com,1104
store.badlion.net,1104
russia-insider.com,1104
k3chocolate.blogspot.com,1104
jasonpwnsgaming.spreadshirt.com,1104
busbeestyle.com,1103
wearegwf.com,1103
westernjournalism.com,1103
thefifashop.co.uk,1103
linzb0t.tumblr.com,1103
sharpaccent.com,1103
happykids.tv,1103
altpress.com,1103
asortofinterestinglife.com,1103
reydiantreality.com,1103
moonduck.tv,1103
halusatwin.bandcamp.com,1102
stormthecastle.com,1102
metroskateshop.com,1102
godaddy.com,1102
kotous.com,1102
patrickwinfrey.com,1102
coupons.com,1102
flapflaps.tumblr.com,1102
charliesloth.com,1102
thegamesweplayuk.bandcamp.com,1101
televisionacademy.com,1101
spaurora.com,1101
naturalweightlossmastery.com,1101
sturdiguns.com,1101
lupineaccessories.com,1101
helenastales.weebly.com,1101
mishimoto.com,1101
enm.link,1101
widesktop.com,1100
youtube.co,1100
colourarte.com,1100
brokeforfree.bandcamp.com,1100
facebook.nl,1100
fbeofficial.tumblr.com,1099
goodwood.com,1099
traintsarfun.com,1099
allinonesupermarket100.blogspot.in,1099
nightblue3.net,1099
johnnyberba.com,1099
dlive22891.spreadshirt.com,1099
nomadgirl.co,1099
pmfleet.app.link,1099
raskolapparel.com,1099
organifi.com,1098
minecraftsurvivalgames.com,1098
riddlenow.com,1098
vincelia.com,1098
spiritualstarlight.com,1098
needtobesaved.com,1098
etradesupply.com,1098
gonewiththewynns.com,1098
ultimae.bandcamp.com,1098
jerenvids.com,1097
rov.io,1097
brutusmonroe.com,1097
starsports.com,1097
dailycharme.com,1097
leaguex.com,1097
tpindell.tumblr.com,1097
hillydilly.com,1097
trust.com,1097
ddsproductions.net,1097
subbable.com,1097
petermonn.tumblr.com,1097
legends-decks.com,1096
maingear.com,1096
xidax.com,1096
apex-nuerburg.com,1096
joshuasministry.com,1096
drivethrugames.com,1096
lovegunrecords.bandcamp.com,1096
deathraydesigns.com,1096
pegstamps.com,1096
lasvegasdaze.com,1096
purplle.com,1095
funds.gofundme.com,1095
dynastamir.com,1095
player.cardiffcityfc.co.uk,1095
myselfpublishingrevolution.com,1095
rastafarigroundation.org,1095
darkzero.co.uk,1094
audioholics.com,1094
hobotech.tv,1094
derpibooru.org,1094
berliner-philharmoniker.de,1094
kibuilder.com,1094
jonsjailjournal.blogspot.co.uk,1094
kerwinrae.com,1093
vypernetwork.com,1093
roche.com,1093
lovinglightastrologer.com,1093
pontu.eenet.ee,1093
wholesale.ankaka.com,1093
vishwakarma.tv,1093
playhcr.com,1093
onlinetaleem.net,1093
subscribe.hearstmags.com,1093
thrivemarket.com,1093
chf.to,1093
aiwrestling.com,1093
bluntforcetruth.com,1093
learn2freestyle.com,1093
bmwusa.com,1092
tfsource.com,1092
unice.com,1092
protraderstrategies.com,1092
kaoshkraft.buycraft.net,1092
feandft.com,1092
soulpancake.com,1092
tobtr.com,1092
apkmirror.com,1092
discoverychannelasia.com,1092
astateoftrance.com,1092
reborndimension.com,1091
shop.smilebright.info,1091
hotstyal.com,1091
mageknight404.tumblr.com,1091
forums.thesims.com,1091
psychetruth.vhx.tv,1091
studionewsnetwork.com,1090
atlanticrecords.com,1090
casinogrounds.com,1090
thattopten.com,1090
ambientreallife.com,1090
fashion.tv,1090
speq.me,1090
shop.meandmybigideas.com,1090
forums.redacted.tv,1090
visionmarketplace.com,1089
krishna.com,1089
robertgorick.com,1089
myaquariumbox.com,1089
charantvonline.blogspot.in,1089
gotdembow.net,1089
puddinnc.wix.com,1089
evernote.com,1089
scrapmechanic.com,1089
pattern-collections.com,1089
destined4greatness54.wixsite.com,1088
store.bandmerch.com,1088
fixtmusic.tv,1088
worldalternativemedia.com,1088
plzsoccer.com,1088
misslucys.co.uk,1088
lanebrownart.blogspot.com,1088
mysticillumination.wordpress.com,1088
travelfilmarchive.com,1088
wallpaperup.com,1087
yugitube.com,1087
kartiavelino.com,1087
applegraphicstudio.com,1087
lootcrate.tumblr.com,1087
jarbly.com,1087
hdmwas.com,1086
koopakungfu.spreadshirt.com,1086
s1dm.my,1086
bestbookbits.com,1086
shep689.tumblr.com,1086
kdggaming.com,1086
edspira.com,1085
mjlorton.com,1085
go.vincedelmontefitness.com,1085
bbcthesocial.co.uk,1085
taleworlds.com,1085
earthlings.com,1085
tanzanitejewelrydesigns.com,1085
obsessedgaragestore.com,1085
pbn.com.pl,1085
ehplabs.com,1084
sneakerfiles.com,1084
umoro.com,1084
richiebeatz.com,1084
chevrolet.com,1084
vampirefreaks.com,1084
askalittlewitch.com,1083
xobeautyshop.com,1083
bestofgreenscreen.de,1083
shopforkids.com,1083
xsparkage.com,1083
nadi-astrology.com,1083
rjthebikeguy.com,1083
azcentral.com,1083
adamthewoo.com,1083
entoanthepack.spreadshirt.com,1083
booksangiewrote.com,1083
dishtube.blogspot.com,1082
gardnsound.com,1082
gbcghanaonline.com,1082
whc.unesco.org,1082
thehollywoodunlocked.com,1082
enjoygram.com,1082
boats.com,1082
neworleanssaints.com,1082
blackholerecordings.com,1082
sandiegonewsvideo.com,1082
romhacking.net,1082
peggyschirmer.com,1082
rockclass101.com,1082
straightuphippo.com,1082
educ8s.tv,1082
fmexpressnews.com,1082
detailpro.com,1081
toytrains4u.co.uk,1081
mammalsbonsai.blogspot.in,1081
glamrs.com,1081
shopwindowcleaningresource.com,1081
whathifi.com,1081
nkavids.com,1081
moredarklight.bandcamp.com,1081
oneyoungworld.com,1081
go.wbgames.com,1081
marketwatch.com,1081
beautyinthethirdworld.blogspot.in,1081
lostinplace.spreadshirt.com,1081
furiousapparel.com,1080
ashesofcreation.com,1080
viz.com,1080
citadel.prophpbb.com,1080
grdp.co,1080
2018.iihfworlds.com,1080
gamingcanbefun.com,1080
renbricks.com,1080
katinamartinez.stampinup.net,1080
mellownightz.com,1080
uncvrd.co,1080
hagmannreportlive.com,1080
casualient.com,1080
delonghi.com,1079
buddyhuggins.blogspot.com,1079
musicappnews.com,1079
forums.intel.com,1079
furypixel.com,1079
lifestyle.one,1079
snowboardaddiction.com,1079
jbs.org,1079
biblehub.com,1079
motortrend.com,1079
msn.com,1078
cursed4eva.com,1078
1upnutrition.com,1078
tysiphonehelp.com,1078
hayfanat.com,1078
antharmukam2.blogspot.in,1078
csgovideos.net,1078
app.adjust.io,1078
nslp.co,1077
crownedones.weebly.com,1077
pick4profit.com,1077
powerhealthyt.com,1077
ctwacademy.com,1077
furiouspete.com,1077
tnyn.gs,1076
exploitedghetto.de,1076
detailgroove.co,1076
m.gofund.me,1076
dickssportinggoods.com,1076
stockshot.nl,1076
quadratec.com,1076
walkertexaslawyer.us,1075
stephanieperson.com,1075
tranceallstars.com,1075
divinedebut11.wixsite.com,1075
gearobsessiondeals.com,1075
themagazineshop.com,1075
firemountaingems.com,1075
mmaheat.com,1074
yournextstamp.com,1074
moorehoroscope.wordpress.com,1074
themaclife.com,1074
radakitchenstore.com,1074
cincinnatichildrens.org,1074
jandh.com,1074
secure.myrepublic.com.sg,1074
stringsbymail.com,1074
stilnest.com,1073
2fa.in,1073
kellyvalleau.com,1073
clashwithash.com,1073
subsplash.com,1073
ayumilove.net,1073
soccerreviewsforyou.us3.list-manage1.com,1073
rcgroups.com,1073
denniskirk.com,1073
befit.com,1073
puradyme.com,1073
afi.com,1073
thercsaylorsyt.com,1072
syfy.com,1072
kayakfishinggear.com,1072
bitcoin.org,1072
deeranddeerhunting.com,1072
invite.abra.com,1072
sheet.host,1072
awakenwithjp.com,1072
faforever.com,1072
areadmg.com,1072
cardinalsessions.com,1071
silver-investor.com,1071
34.gs,1071
blog.priceplow.com,1071
modsgaming.ru,1071
usobserver.com,1071
blog.clove.co.uk,1071
code.google.com,1071
ezvid.com,1070
fightingthai.com,1070
gamesrocket.com,1070
pokecrate.com,1070
livingwaters.com,1070
stevecookhealth.com,1070
irresistibleme.com,1070
freetouse.com,1070
disneyjunior.co.uk,1070
ruled.me,1070
healingfromdepression.com,1070
deeptropicalhouse.com,1070
jasongallant.ca,1070
shtg.co,1070
thepreparedmind.club,1069
businessinsider.tumblr.com,1069
successkey98.in,1069
voicetube.lk,1069
backpackerguide.nz,1069
92y.tumblr.com,1068
windowsphone.com,1068
jedimike1128.tumblr.com,1068
berniesanders.com,1068
yours.org,1068
sumeetaudiovideo.com,1068
aerostich.com,1068
habitnest.com,1068
ttfrealestate.com,1068
music.monstercat.com,1068
planetcoaster.com,1068
duploc.com,1068
yarnspirations.com,1068
mikasabeauty.com,1067
kevin-talbot.teachable.com,1067
mattnsebcourses.com,1067
workersonboard.com,1067
iamadaytrader.com,1067
siyliss.com,1067
soundattak.co.uk,1067
golfdigest.tumblr.com,1067
s-m.lnk.to,1067
vevo.tumblr.com,1067
mxqproject.com,1067
cosmickids.com,1067
iskall85.com,1067
motoroctane.com,1067
frankiewithlotsoffans.blogspot.ca,1067
brandymelvilleusa.com,1067
musicout.com,1067
thebananagirl.com,1067
mikevestil.com,1067
nirthpanter.net,1067
simplysimplestamping.com,1067
flotrack.org,1067
kijiko-catfood.com,1066
thrillbillygourmet.com,1066
hobbylink.tv,1066
thefinebros.tumblr.com,1066
feedproxy.google.com,1066
dis.gd,1066
boostedmedia.net,1065
russellmarineproducts.com,1065
go4mod.com,1065
travelshorts.com,1065
thrillist.com,1065
musicbed.com,1065
zwegear.com,1065
beldondidthat.beatstars.com,1065
sketchcraft.net,1064
crankgameplays.tumblr.com,1064
maps.app.goo.gl,1064
technobuzz.net,1064
kcoti.com,1064
naruto-shippuden-ultimate-ninja-blazing.wikia.com,1064
pocketgamer.co.uk,1064
csgoroll.com,1064
getawaycouple.com,1064
thisisanfield.com,1064
andrewbartzis.com,1064
permies.com,1064
universetf.com,1064
dreadcentral.com,1063
fastcompany.com,1063
auxbeam.com,1063
khabarindiatv.com,1063
streetgangs.com,1063
grahamelwood.com,1063
glowofgrace.com,1063
minneapolischurch.net,1063
amodelrecommends.com,1063
cafe.naver.com,1063
ez-song-lessons.com,1062
icons8.com,1062
genessis-models.co.uk,1062
michaelalfox.tumblr.com,1062
astreaminlife.com,1062
mostholyfamilymonastery.com,1062
noobfeed.com,1062
cinecom.info,1062
alicethorpe.co.uk,1062
drmindypelz.com,1062
lovecharmaine.com,1062
greylandfilm.com,1061
reforged.gg,1061
saxstation.com,1061
armadillopepper.com,1061
rightthisminute.com,1061
socialpaintball.com,1061
bdbd.us,1061
lifeintheleague.com,1061
mossleaf.net,1061
juicylivingtour.com,1061
shop.tgn.tv,1061
evawigs.com,1061
christopherlloydclarke.com,1061
carbon38.com,1060
clkmg.com,1060
shaycarl.com,1060
myvaporium.net,1060
wishlist.difran.co,1060
tovid.io,1060
travelindex.com,1060
bollywoodlife.com,1060
letupitahd.blogspot.com,1059
funimation.tumblr.com,1059
spelunkyworld.com,1059
stevenceli.com,1059
gettad.com,1059
voa.lk,1059
moremmr.com,1059
purposegames.com,1059
thriveafterabuse.com,1059
fabkids.com,1059
silentprayer.video,1058
composinggloves.com,1058
drumdummierecords.com,1058
rsbn.tv,1058
nme.com,1058
joyfulvegan.com,1058
perfectketo.com,1058
msgryphi.tumblr.com,1058
m.ask.fm,1058
btnhd.com,1058
draftkings.com,1058
gradualreport.com,1058
oldschoollabs.com,1057
sunaulonepal.news,1057
siemens.de,1057
joseochoatv.tumblr.com,1057
xboxlc.com,1057
streamskill.com,1057
nuclearblast.de,1057
jimmyogarage.com,1057
codashop.com,1057
thehusk.ca,1056
yourlakeforkguide.com,1056
clk.sh,1056
link.springer.com,1056
ashleyfurniturehomestore.com,1056
hectichmk.spreadshirt.com,1056
mickeyblog.com,1056
isabelgalasso.com,1056
benteachesenglishoverseas.com,1056
calebandbrown.com,1056
news.discovery.com,1056
newsinfo.inquirer.net,1056
jshobbiesandcrafts.com,1055
fdrlogging.com,1055
teachercast.net,1055
tim.ly,1055
raocow.com,1055
missmarkersquilts.com,1055
networka.tumblr.com,1055
mechanix.com,1055
boysandgirlshairstyles.com,1054
pamaj-apparel.com,1054
bluetunesrecords.lnk.to,1054
droid-life.com,1054
tvnz.co.nz,1054
buygamingservers.com,1054
soundstripe.grsm.io,1054
customcontrollerzz.com,1054
twitter.cstation.net,1053
farlandsorbust.com,1053
8limbs.us,1053
arcanewhispers.net,1053
allenparr.com,1053
sgtreport.com,1053
kbandstraining.com,1053
shortonegaming.tumblr.com,1053
xbcrafted.spreadshirt.com,1053
gamespilot.de,1053
blumaan.com,1053
whitehorsemedia.com,1052
techinsider.tumblr.com,1052
bigpictureclasses.com,1052
expressionsajmer.wordpress.com,1052
guitarmatze.com,1052
nogarlicnoonions.com,1052
journal.crossfit.com),1052
mars.jpl.nasa.gov,1052
drawinghowtodraw.com,1052
trailforks.com,1051
jeffreestarcosmetics.com,1051
bob-baker.com,1051
warwick.de,1051
lfgaming.com,1051
wikileaks.org,1051
helditips.blogspot.com,1051
ezinearticles.com,1051
samjpullen.com,1051
churchill.co.ke,1050
redfield-records.de,1050
fortniteintel.com,1050
whosay.com,1050
musopen.org,1050
faizaneattar.net,1050
rvertv.tv,1050
store.livingmiraclescenter.org,1049
snapdeal.com,1049
curioos.com,1049
natesvlogs.tumblr.com,1049
hyperxgaming.com,1049
conta.cc,1049
markisaco.com,1049
chiefavalon.com,1049
rawtechniquestudios.com,1049
jaycutler.com,1049
strengthproject.com,1049
hws.dj,1049
ndani.tv,1049
tv.kakao.com,1048
harborfreight.com,1048
miot-global.com,1048
parts-express.com,1048
funcheaporfree.com,1048
3planesoft.com,1047
tempoafrictv.com,1047
perfect-plug.com,1047
nooremadinah.net,1047
samsontech.com,1047
mariowiki.com,1047
schoolofcalisthenics.com,1047
soundjay.com,1047
sweetysalado.com,1046
idleglance.tumblr.com,1046
alexsmolik.com,1046
libertylifetrail.com,1046
narcissismsupportcoach.com,1046
angrysnowboarder.com,1046
sbga.me,1046
ascendingsoulsjourney.com,1045
fifautstore.com,1045
referyourchasecard.com,1045
befluentclass.com,1045
highspots.tv,1045
pot.tv,1045
xctechs.ca,1045
bernardalvarez.com,1045
fusion.net,1045
gphonecenter.com,1045
s1335.photobucket.com,1045
bluntandenvy.com,1045
grunge.com,1045
askdoctorjo.com,1044
hevesh5.com,1044
tonic-studios.co.uk,1044
blog.ewinracing.com,1044
bayt.com,1044
magictechreview.simdif.com,1044
playentertainment.tv,1044
aspenideas.org,1044
selfmadesuccess.com,1044
totaljobs.com,1044
evilsourcegaming.com,1044
xxashe9949xx.tumblr.com,1043
orkut.com,1043
xxashe9949xx.blogspot.com,1043
forums.bearbulltraders.com,1043
autocorrectfailness.com,1043
kdnbeats.com,1043
dubizzle.com,1043
gulftalent.com,1043
neal-akuma.deviantart.com,1043
plm.automation.siemens.com,1043
barbara.live,1043
mygreatchallenge.blogspot.com,1043
espressoenglish.net,1042
vcfplay.com,1042
italiansdoitbetter.com,1042
9nl.es,1042
shadowbeatzinc.newgrounds.com,1042
big3.com,1042
christianitatiscuria.com,1042
bassresource.com,1042
3diosound.com,1042
mi.edu,1042
7activestudio.com,1041
beautyybird.com,1041
mybollywoodbody.com,1041
fridaynighthair.com,1041
7activemedical.com,1041
pearldrum.com,1041
jesseleepeterson.com,1041
yurielkaim.com,1041
tomasmichaud.com,1041
pcc.edu,1040
mediamatters.org,1040
spacehamsterg.tumblr.com,1040
sciencetuts.com,1040
indeed.ae,1040
maxim.com,1040
lifebyher.co,1040
motherboard.vice.com,1040
destinationamerica.com,1040
carkeys.co.uk,1039
beyondwellnessradio.com,1039
buzzon.khaleejtimes.com,1039
goodhousekeeping.com,1039
markbellslingshot.com,1039
upside.app.link,1039
coinweek.com,1039
perfectcircuit.com,1039
tlc.discovery.com,1039
sirrexkantatero.com,1039
profootballtalk.nbcsports.com,1039
shooraynerdrawing.com,1039
meandmygolf.com,1039
thereplaylounge.com,1038
dubaiclassified.com,1038
membership.nrahq.org,1038
archanaskitchen.com,1038
getthat.com,1038
emirates-ads.ae,1038
realcombatmedia.com,1038
skugrid.com,1038
heroesfire.com,1038
kugli.com,1038
expatriates.com,1038
wisdomfromnorth.com,1038
emiratesvillage.com,1038
www.paulmcguire.us,1038
407427.spreadshirt.com,1037
mattvincent.net,1037
fastcaptech.com,1037
alfred.tv,1037
worldcryptonetwork.com,1037
nwcreation.net,1037
sodasagaallhelp.blogspot.com.es,1037
flu.me,1037
lifestylechristianity.com,1037
southerncharmwreaths.com,1037
horoscopes.astro-seek.com,1037
facebook.beyourselfmusic.com,1037
craftklatchwithmona.blogspot.com,1037
wayokids.com,1037
kdri.co,1037
strengthcamp.co,1036
uk.usn-sport.com,1036
onnit.com,1036
egotasticfuntime.com,1036
movie.diginfo.tv,1036
shopczw.com,1036
ladylilia87.tumblr.com,1036
col.vg,1036
bharatswabhimansamachar.in,1035
sanctuaryinternational.com,1035
hospi.tl,1035
coffeebreakgrooves.com,1035
latemodelres.to,1035
redcatracing.com,1035
inverted-audio.com,1035
kidsinthehouse.com,1035
winggirlmethod.com,1035
richardkittelstad.com,1035
temperatestar.doodlekit.com,1035
svdelos.com,1035
krishnaculture.com,1034
wearesoundspace.com,1034
sixfthax.tumblr.com,1034
evanedinger.tumblr.com,1034
manychat.com,1034
ethfinex.com,1034
manfrotto.co.uk,1034
smh.com.au,1034
playstationgameshd.info,1034
onceuponatee.net,1034
magentapixie.com,1034
makersgonnalearn.com,1034
gmdb.tv,1034
sadhusanga.com,1033
criterion.com,1033
coinmastery.com,1033
amalbhakta.com,1033
bagong.pagasa.dost.gov.ph,1033
indiatvpaisa.com,1033
florasage.com,1033
pdclassessgnr.com,1033
tonybennett.lnk.to,1033
blservices.com,1033
summersministries.com,1033
rushhour.nl,1033
swordandlaser.com,1032
ernieball.com,1032
my-health-heldi.tumblr.com,1032
allthingshair.com,1032
opi.com,1032
bitesizevegan.org,1032
saa.vn,1031
site.afterbuzztv.com,1031
dillonfrancis.fm,1031
patrickbetdavid.com,1031
musescore.org,1031
letsgowarriors.com,1031
turnaroundfitness.com,1030
streetmusclemag.com,1030
rosannapansino.com,1030
rgforum.no,1030
comingbuy.com,1030
dawnforgedcast.org,1030
travelindex.com),1030
irenelyon.com,1030
astampabove.typepad.com,1030
wewillneversaydie.com,1030
octaneblue.tumblr.com,1030
rolandgarros.com,1030
ak49bwl.com,1030
walgreens.com,1030
straitwaytruth.com,1029
ps22chorus.blogspot.com,1029
clashtrack.com,1029
rabbidluigi.spreadshirt.com,1029
lauras-boutique.com,1029
revelationtv.com,1029
tvg.com,1029
dlm-modellifestyle.com,1029
mlt1.uk,1029
cosmicpvp.me,1029
erandistic.com,1029
thedepreys.com,1029
rightwingwatch.org,1029
supercrosslive.tv,1028
nsd.lnk.to,1028
aim4truth.org,1028
tealswan.com,1028
batman-arkham.com,1028
strk.enlnks.com,1028
foodwishes.blogspot.com,1028
gma.abc,1028
martinandjuliejohnson.com,1028
conanexiles.com,1028
baublebar.com,1028
michaelwarbux.com,1027
everythingsrosie.com,1027
store.google.com,1027
youngminds.org.uk,1027
generikb.com,1027
grillagrills.com,1027
avamadison.dance,1027
thejoyofmusic.org,1027
phoenixsc.me,1027
rigb.org,1027
revvedmag.com,1027
motorskilllearning.com,1027
worldvieweverlasting.com,1027
revolutionarylifestyledesign.com,1026
onlydinosaurs.com,1026
ehf-euro.com,1026
jitbit.fastspring.com,1026
joogsquad.com,1026
hearthewatchmen.com,1026
sparklingice.com,1026
nextlevel.challonge.com),1026
hagmannandhagmann.com,1026
oldnerdreviews.com,1026
nepallive.com,1026
mindovermunch.com,1026
thezaiangel.enjin.com,1026
campusinsiders.com,1026
theragcompany.com,1026
shadawear.com,1026
lightinthebox.com,1026
itsapk.com,1026
astroneer.space,1026
drawzania.com,1026
fashionmumblr.com,1025
wrestleuniverse.de,1025
bowhunting.com,1025
ttlmedia.spreadshirt.com,1025
artistengine.net,1025
trytreats.com,1025
ridebmx.com,1025
lisahaven.news,1025
8bn.yt,1025
cmog.org,1025
riotbox.co.uk,1025
gia.edu,1025
watch.nba.com,1024
kmurrayart.com,1024
rickandbubba.com,1024
baileylineroad.com,1024
softypapa.wordpress.com,1023
ninkokotor.enjin.com,1023
zouz.tv,1023
bloodbathandbeyond.tv,1023
pba.com,1023
eatingthaifood.com,1023
petitions.whitehouse.gov,1023
21stcenturyseeker.com,1023
lsxmag.com,1023
bitrue.com,1023
sharethefire.org,1023
atptour.com,1023
kuffsgaming.com,1023
sontj.deviantart.com,1023
rfvideonow.com,1022
tun.in,1022
growingupwithoutborders.com,1022
shockblastmedia.com,1022
robertkayanjaministries.org,1022
amazingfacts.org,1022
theanfieldwrap.com,1022
news.tfw2005.com,1022
s2m.lnk.to,1021
coil-master.net,1021
teambrutality.in,1021
championshipproductions.com),1021
boardtodeath.tv,1021
dd2tools.com,1021
tomantosfilms.com,1021
dansonn.com,1021
fitnessmadesimple.com,1021
simplyscarypodcast.com,1020
greatmediauniverse.com,1020
golfwrx.com,1020
inkandinspirations.com,1020
irixguy.com,1020
kizombahipster.com,1020
konami.com,1020
jinx.com,1020
omele.to,1019
naptural85.com,1019
inverse.com,1019
unitezz.com,1019
ausopen.com,1019
buymydrums.com,1019
kbwealth4u.com,1019
opengapps.org,1019
theglitterfairy.co.uk,1018
ryky.deviantart.com,1018
ryanmagin.com,1018
cheapshark.com,1018
madniaqa.net,1018
my.w.tt,1018
frightprops.com,1018
groups.myspace.com,1018
ehftv.com,1018
daverubin.tv,1018
go2.lc,1018
rakuten.com,1018
veganricha.com,1018
amazingatheist.tumblr.com,1018
ketodietapp.com,1018
blerdsonline.com,1017
authenticsound.be,1017
debrasilvermanastrology.com,1017
123live.in,1017
allthat.tv,1017
fightfulselect.com,1017
retromation.chrono.gg,1017
heretheworld.com,1017
worldwidecyclery.com,1017
gra8ful8.com,1017
panditavadhkishorpandey.udaipu,1017
player.cafc.co.uk,1017
bigcrownrecords.com,1017
bedroskeuilian.com,1017
accesslakechapala.com,1016
filmykura.com,1016
itscarflo.tumblr.com,1016
greyalfredo.bandcamp.com,1016
outwell.com,1016
milanicosmetics.com,1016
roguemoney.net,1016
audiojelly.com,1016
jalopnik.com,1016
devinah.com,1016
jasongenova.spreadshirt.com,1016
redwolfmastering.com,1016
zazzle.ca,1015
veenaazmanov.com,1015
paytmapp.app.link,1015
comfortable.af,1015
ehbeefamily.com,1015
elitebackingtracks.com,1015
ec.europa.eu,1015
antelife.com,1015
allsoundseffects.blogspot.com,1015
preparewith.com,1015
rabwah.net,1015
learnex.in,1015
allthingscomedy.com,1014
makeupforever.com,1014
r.gamesessions.com,1014
istebrak.deviantart.com,1014
driftdeeper.bandcamp.com,1014
doseofcolors.com,1014
howtogetcreative.com,1014
android-1.com,1014
thirdmovement.nl,1014
merch.ultramusic.com,1014
clipstudio.net,1014
icanplaydrums.com,1014
hopeoftheworld.org,1014
mattcremona.com,1013
shop.slamonline.com,1013
tula.com,1013
charlestoncarvideos.com,1013
robertanton.com,1013
bluegrassguitaressentials.com,1013
nymag.com,1013
bobthebuilder.com,1013
fairuse.stanford.edu,1013
loginhdi.com,1013
blog.adsofbd.com,1013
i.dreamcricketgame.com,1013
kanzenshuu.com,1013
indianjugadtech.in,1013
horridhenry.me,1013
roothy.com.au,1012
revivaltv.id,1012
audionautix.com),1012
motionbolt.com,1012
brs.li,1012
archives.gov,1012
articulate-me.blogspot.com,1012
image-line.com,1011
microify.com,1011
themanmindset.com,1011
mudhole.com,1011
newbrightoncapital.com,1011
beautybox.walmart.com,1011
andrasi.ro,1011
kevonstage.com,1010
fma.cash,1010
strangevip.com,1010
l.profitshare.ro,1010
samvilla.com,1010
renmanmb.com,1010
frshlf.ch,1010
avgeeks.com,1010
weedemandreap.com,1010
3d.cgmasteracademy.com,1010
samsfitness.com.au,1009
cannabisculture.com,1009
cookiescupcakesandcardio.com,1009
riotapparel.co.uk,1009
lennylarry.com,1009
mediassoft.com,1009
paparazziaccessories.com,1009
dreamconnections.com,1009
avengercontroller.com,1009
joner1on1footballtraining.com,1008
ladycookieluck.blogspot.com,1008
jessamatutorials.com,1008
otodayo.com,1008
primagames.com,1008
academic.oup.com,1008
c.lazada.com.ph,1008
hothardware.com,1008
saddleback.com,1007
catchnews.com,1007
photojoseph.com,1007
meetkevin.teachable.com,1007
capturethemomentum.com,1007
in10sityfitnessunited.com,1006
b-t-r.co,1006
sciencemag.org,1006
tarungillfitness.com,1006
razortv.com.sg,1006
lillysinghbook.com,1006
iamelizagrace.com,1006
music.amazon.com,1005
direct-link.net,1005
squadops.gg,1005
paigepoppe.com,1005
jdbbaseball.com,1005
mrsrl.co,1004
futtemerchandise.spreadshirt.dk,1004
wwmc.de,1004
phoneinf.com,1004
ipugsiehd.com,1004
bfi.org.uk,1004
deadjosey.tumblr.com,1004
nabba-wff.cz,1004
professorpincushion.com,1004
spike.com,1003
createdbybrett.com,1003
chrg.rs,1003
enunnproductionsinc.wixsite.com,1003
vnlink.co,1003
nicolas11x12techx.com,1003
truehealthtrifecta.com,1003
lifesitenews.com,1003
theflagandanthemguy.deviantart.com,1003
scrapdaworld.com,1003
arcadematt.com,1003
saffronbarker.bigcartel.com,1003
s-media-cache-ak0.pinimg.com,1003
guavatoys.com,1003
shopjimmy.com,1003
iamunplugged.com,1003
506thir.net,1002
subs.twitch.tv,1002
derrickmichaud.com,1002
shopjoogsquad.myshopify.com,1002
memo.cash,1002
christopherchaos.com,1002
shop.limitbeats.com,1002
secureteam.spreadshirt.com,1002
novritsch.com,1001
kirr.co,1001
swappa.com,1001
hairstylistheather.blogspot.com,1001
fliptop.com.ph,1001
dudesons.com,1001
quranspeaks.com,1001
shop.fullboost.com.au,1001
fesliyanstudios.com,1001
masterboxingllc.com,1001
alejandra.tv,1000
pursuitperfectsystem.com,1000
shop.happyhealthyvegan.org,1000
venuskawaii.com,1000
pepperandpine.com,1000
support.sas.com,1000
shanedawsonblog.tumblr.com,1000
tytuniversity.tumblr.com,1000
trhou.se,1000
rainbowplayhouse.com,1000
littlewishestoys.com,1000
coryxkenshin.spreadshirt.com,1000
lookfabulousforever.com,1000
store.eu.square-enix.com,1000
dhyaanguru.com,1000
flashcardsecrets.com,1000
cryptotaxaus.com.au,1000
conde.com,1000
